Date,type,part_number,warehouse_no,ship_qty,order_qty,avg_order_price
7/1/2015,fast mover,10643-10-8-BULK,6,900,0,3.69
8/1/2015,fast mover,10643-10-8-BULK,6,975,0,3.69
9/1/2015,fast mover,10643-10-8-BULK,6,300,0,3.69
10/1/2015,fast mover,10643-10-8-BULK,6,600,0,3.69
11/1/2015,fast mover,10643-10-8-BULK,6,600,0,3.69
12/1/2015,fast mover,10643-10-8-BULK,6,510,0,3.69
1/1/2016,fast mover,10643-10-8-BULK,6,1200,0,3.69
2/1/2016,fast mover,10643-10-8-BULK,6,2025,0,3.69
3/1/2016,fast mover,10643-10-8-BULK,6,900,0,3.69
4/1/2016,fast mover,10643-10-8-BULK,6,450,0,3.69
5/1/2016,fast mover,10643-10-8-BULK,6,1005,0,3.69
6/1/2016,fast mover,10643-10-8-BULK,6,525,0,3.69
7/1/2016,fast mover,10643-10-8-BULK,6,375,0,3.69
8/1/2016,fast mover,10643-10-8-BULK,6,225,0,3.69
9/1/2016,fast mover,10643-10-8-BULK,6,150,0,3.69
10/1/2016,fast mover,10643-10-8-BULK,6,225,0,3.69
11/1/2016,fast mover,10643-10-8-BULK,6,150,0,3.69
12/1/2016,fast mover,10643-10-8-BULK,6,75,0,3.69
1/1/2017,fast mover,10643-10-8-BULK,6,525,0,3.69
2/1/2017,fast mover,10643-10-8-BULK,6,300,0,3.69
3/1/2017,fast mover,10643-10-8-BULK,6,375,0,3.69
4/1/2017,fast mover,10643-10-8-BULK,6,525,0,3.69
5/1/2017,fast mover,10643-10-8-BULK,6,450,0,3.69
6/1/2017,fast mover,10643-10-8-BULK,6,225,0,3.69
7/1/2017,fast mover,10643-10-8-BULK,6,150,0,3.69
8/1/2017,fast mover,10643-10-8-BULK,6,203,0,3.69
9/1/2017,fast mover,10643-10-8-BULK,6,22,0,3.69
10/1/2017,fast mover,10643-10-8-BULK,6,300,0,3.69
11/1/2017,fast mover,10643-10-8-BULK,6,150,0,3.69
12/1/2017,fast mover,10643-10-8-BULK,6,75,0,3.69
1/1/2018,fast mover,10643-10-8-BULK,6,645,0,3.69
2/1/2018,fast mover,10643-10-8-BULK,6,450,0,3.69
3/1/2018,fast mover,10643-10-8-BULK,6,225,0,3.69
4/1/2018,fast mover,10643-10-8-BULK,6,288,0,3.69
5/1/2018,fast mover,10643-10-8-BULK,6,375,0,3.69
6/1/2018,fast mover,10643-10-8-BULK,6,375,0,3.69
7/1/2018,fast mover,10643-10-8-BULK,6,600,0,3.69
8/1/2018,fast mover,10643-10-8-BULK,6,225,0,3.69
9/1/2018,fast mover,10643-10-8-BULK,6,150,0,3.69
10/1/2018,fast mover,10643-10-8-BULK,6,375,0,3.69
11/1/2018,fast mover,10643-10-8-BULK,6,300,0,3.69
12/1/2018,fast mover,10643-10-8-BULK,6,225,0,3.69
1/1/2019,fast mover,10643-10-8-BULK,6,375,75,3.68
2/1/2019,fast mover,10643-10-8-BULK,6,450,0,3.69
3/1/2019,fast mover,10643-10-8-BULK,6,300,0,3.69
4/1/2019,fast mover,10643-10-8-BULK,6,600,0,3.69
5/1/2019,fast mover,10643-10-8-BULK,6,375,0,3.69
6/1/2019,fast mover,10643-10-8-BULK,6,300,75,3.79
7/1/2019,fast mover,10643-10-8-BULK,6,450,0,3.69
8/1/2019,fast mover,10643-10-8-BULK,6,450,0,3.69
9/1/2019,fast mover,10643-10-8-BULK,6,600,0,3.69
10/1/2019,fast mover,10643-10-8-BULK,6,565,0,3.69
11/1/2019,fast mover,10643-10-8-BULK,6,225,0,3.69
12/1/2019,fast mover,10643-10-8-BULK,6,260,0,3.69
1/1/2020,fast mover,10643-10-8-BULK,6,225,0,3.69
2/1/2020,fast mover,10643-10-8-BULK,6,225,0,3.69
3/1/2020,fast mover,10643-10-8-BULK,6,450,0,3.69
4/1/2020,fast mover,10643-10-8-BULK,6,300,0,3.69
5/1/2020,fast mover,10643-10-8-BULK,6,375,0,3.69
6/1/2020,fast mover,10643-10-8-BULK,6,300,75,3.6
7/1/2020,fast mover,10643-10-8-BULK,6,525,0,3.69
8/1/2020,fast mover,10643-10-8-BULK,6,300,0,3.69
9/1/2020,fast mover,10643-10-8-BULK,6,375,0,3.69
10/1/2020,fast mover,10643-10-8-BULK,6,0,0,3.69
11/1/2020,fast mover,10643-10-8-BULK,6,0,0,3.69
12/1/2020,fast mover,10643-10-8-BULK,6,75,0,3.69
7/1/2015,fast mover,10643-10-8-BULK,10,450,0,
8/1/2015,fast mover,10643-10-8-BULK,10,900,0,
9/1/2015,fast mover,10643-10-8-BULK,10,600,0,
10/1/2015,fast mover,10643-10-8-BULK,10,1200,0,
11/1/2015,fast mover,10643-10-8-BULK,10,450,0,
12/1/2015,fast mover,10643-10-8-BULK,10,600,0,
1/1/2016,fast mover,10643-10-8-BULK,10,750,0,
2/1/2016,fast mover,10643-10-8-BULK,10,525,0,
3/1/2016,fast mover,10643-10-8-BULK,10,825,0,
4/1/2016,fast mover,10643-10-8-BULK,10,375,0,
5/1/2016,fast mover,10643-10-8-BULK,10,600,0,
6/1/2016,fast mover,10643-10-8-BULK,10,975,0,
7/1/2016,fast mover,10643-10-8-BULK,10,825,0,
8/1/2016,fast mover,10643-10-8-BULK,10,525,0,
9/1/2016,fast mover,10643-10-8-BULK,10,1050,0,
10/1/2016,fast mover,10643-10-8-BULK,10,750,0,
11/1/2016,fast mover,10643-10-8-BULK,10,75,0,
12/1/2016,fast mover,10643-10-8-BULK,10,375,0,
1/1/2017,fast mover,10643-10-8-BULK,10,825,0,
2/1/2017,fast mover,10643-10-8-BULK,10,450,0,
3/1/2017,fast mover,10643-10-8-BULK,10,1500,0,
4/1/2017,fast mover,10643-10-8-BULK,10,300,0,
5/1/2017,fast mover,10643-10-8-BULK,10,1200,0,
6/1/2017,fast mover,10643-10-8-BULK,10,613,0,
7/1/2017,fast mover,10643-10-8-BULK,10,402,0,
8/1/2017,fast mover,10643-10-8-BULK,10,1125,0,
9/1/2017,fast mover,10643-10-8-BULK,10,750,0,
10/1/2017,fast mover,10643-10-8-BULK,10,600,0,
11/1/2017,fast mover,10643-10-8-BULK,10,370,0,
12/1/2017,fast mover,10643-10-8-BULK,10,450,0,
1/1/2018,fast mover,10643-10-8-BULK,10,525,0,
2/1/2018,fast mover,10643-10-8-BULK,10,375,0,
3/1/2018,fast mover,10643-10-8-BULK,10,300,0,
4/1/2018,fast mover,10643-10-8-BULK,10,150,0,
5/1/2018,fast mover,10643-10-8-BULK,10,450,0,
6/1/2018,fast mover,10643-10-8-BULK,10,900,0,
7/1/2018,fast mover,10643-10-8-BULK,10,825,0,
8/1/2018,fast mover,10643-10-8-BULK,10,1125,0,
9/1/2018,fast mover,10643-10-8-BULK,10,675,0,
10/1/2018,fast mover,10643-10-8-BULK,10,525,0,
11/1/2018,fast mover,10643-10-8-BULK,10,1125,0,
12/1/2018,fast mover,10643-10-8-BULK,10,225,0,
1/1/2019,fast mover,10643-10-8-BULK,10,900,0,
2/1/2019,fast mover,10643-10-8-BULK,10,600,0,
3/1/2019,fast mover,10643-10-8-BULK,10,600,0,
4/1/2019,fast mover,10643-10-8-BULK,10,1200,0,
5/1/2019,fast mover,10643-10-8-BULK,10,1575,0,
6/1/2019,fast mover,10643-10-8-BULK,10,825,0,
7/1/2019,fast mover,10643-10-8-BULK,10,1050,0,
8/1/2019,fast mover,10643-10-8-BULK,10,1050,0,
9/1/2019,fast mover,10643-10-8-BULK,10,1200,0,
10/1/2019,fast mover,10643-10-8-BULK,10,675,0,
11/1/2019,fast mover,10643-10-8-BULK,10,887,0,
12/1/2019,fast mover,10643-10-8-BULK,10,825,0,
1/1/2020,fast mover,10643-10-8-BULK,10,1063,0,
2/1/2020,fast mover,10643-10-8-BULK,10,1050,0,
3/1/2020,fast mover,10643-10-8-BULK,10,600,0,
4/1/2020,fast mover,10643-10-8-BULK,10,525,0,
5/1/2020,fast mover,10643-10-8-BULK,10,1181,0,
6/1/2020,fast mover,10643-10-8-BULK,10,675,0,
7/1/2020,fast mover,10643-10-8-BULK,10,1050,0,
8/1/2020,fast mover,10643-10-8-BULK,10,975,0,
9/1/2020,fast mover,10643-10-8-BULK,10,825,0,
10/1/2020,fast mover,10643-10-8-BULK,10,1200,0,
11/1/2020,fast mover,10643-10-8-BULK,10,975,0,
12/1/2020,fast mover,10643-10-8-BULK,10,900,0,
7/1/2015,fast mover,10643-10-8-BULK,12,975,0,
8/1/2015,fast mover,10643-10-8-BULK,12,1425,0,
9/1/2015,fast mover,10643-10-8-BULK,12,525,0,
10/1/2015,fast mover,10643-10-8-BULK,12,1050,0,
11/1/2015,fast mover,10643-10-8-BULK,12,600,0,
12/1/2015,fast mover,10643-10-8-BULK,12,842,0,
1/1/2016,fast mover,10643-10-8-BULK,12,375,0,
2/1/2016,fast mover,10643-10-8-BULK,12,1125,0,
3/1/2016,fast mover,10643-10-8-BULK,12,750,0,
4/1/2016,fast mover,10643-10-8-BULK,12,900,0,
5/1/2016,fast mover,10643-10-8-BULK,12,750,0,
6/1/2016,fast mover,10643-10-8-BULK,12,1050,0,
7/1/2016,fast mover,10643-10-8-BULK,12,1050,0,
8/1/2016,fast mover,10643-10-8-BULK,12,825,0,
9/1/2016,fast mover,10643-10-8-BULK,12,750,0,
10/1/2016,fast mover,10643-10-8-BULK,12,1050,0,
11/1/2016,fast mover,10643-10-8-BULK,12,150,0,
12/1/2016,fast mover,10643-10-8-BULK,12,829,0,
1/1/2017,fast mover,10643-10-8-BULK,12,675,0,
2/1/2017,fast mover,10643-10-8-BULK,12,375,0,
3/1/2017,fast mover,10643-10-8-BULK,12,1200,0,
4/1/2017,fast mover,10643-10-8-BULK,12,600,0,
5/1/2017,fast mover,10643-10-8-BULK,12,1125,0,
6/1/2017,fast mover,10643-10-8-BULK,12,672,0,
7/1/2017,fast mover,10643-10-8-BULK,12,600,0,
8/1/2017,fast mover,10643-10-8-BULK,12,1125,0,
9/1/2017,fast mover,10643-10-8-BULK,12,450,0,
10/1/2017,fast mover,10643-10-8-BULK,12,75,0,
11/1/2017,fast mover,10643-10-8-BULK,12,230,0,
12/1/2017,fast mover,10643-10-8-BULK,12,500,0,
1/1/2018,fast mover,10643-10-8-BULK,12,740,0,
2/1/2018,fast mover,10643-10-8-BULK,12,375,0,
3/1/2018,fast mover,10643-10-8-BULK,12,450,0,
4/1/2018,fast mover,10643-10-8-BULK,12,64,0,
5/1/2018,fast mover,10643-10-8-BULK,12,1073,0,
6/1/2018,fast mover,10643-10-8-BULK,12,753,0,
7/1/2018,fast mover,10643-10-8-BULK,12,1200,0,
8/1/2018,fast mover,10643-10-8-BULK,12,600,0,
9/1/2018,fast mover,10643-10-8-BULK,12,750,0,
10/1/2018,fast mover,10643-10-8-BULK,12,675,0,
11/1/2018,fast mover,10643-10-8-BULK,12,375,0,
12/1/2018,fast mover,10643-10-8-BULK,12,375,0,
1/1/2019,fast mover,10643-10-8-BULK,12,825,0,
2/1/2019,fast mover,10643-10-8-BULK,12,300,0,
3/1/2019,fast mover,10643-10-8-BULK,12,525,0,
4/1/2019,fast mover,10643-10-8-BULK,12,825,0,
5/1/2019,fast mover,10643-10-8-BULK,12,600,0,
6/1/2019,fast mover,10643-10-8-BULK,12,1050,0,
7/1/2019,fast mover,10643-10-8-BULK,12,1200,0,
8/1/2019,fast mover,10643-10-8-BULK,12,825,0,
9/1/2019,fast mover,10643-10-8-BULK,12,975,0,
10/1/2019,fast mover,10643-10-8-BULK,12,750,0,
11/1/2019,fast mover,10643-10-8-BULK,12,913,0,
12/1/2019,fast mover,10643-10-8-BULK,12,900,0,
1/1/2020,fast mover,10643-10-8-BULK,12,812,0,
2/1/2020,fast mover,10643-10-8-BULK,12,825,0,
3/1/2020,fast mover,10643-10-8-BULK,12,435,0,
4/1/2020,fast mover,10643-10-8-BULK,12,675,0,
5/1/2020,fast mover,10643-10-8-BULK,12,769,0,
6/1/2020,fast mover,10643-10-8-BULK,12,750,0,
7/1/2020,fast mover,10643-10-8-BULK,12,750,0,
8/1/2020,fast mover,10643-10-8-BULK,12,825,0,
9/1/2020,fast mover,10643-10-8-BULK,12,975,0,
10/1/2020,fast mover,10643-10-8-BULK,12,750,0,
11/1/2020,fast mover,10643-10-8-BULK,12,900,0,
12/1/2020,fast mover,10643-10-8-BULK,12,375,0,
1/1/2016,fast mover,10643-12-8-BULK,10,195,0,
2/1/2016,fast mover,10643-12-8-BULK,10,130,0,
3/1/2016,fast mover,10643-12-8-BULK,10,260,0,
4/1/2016,fast mover,10643-12-8-BULK,10,325,0,
5/1/2016,fast mover,10643-12-8-BULK,10,260,0,
6/1/2016,fast mover,10643-12-8-BULK,10,260,0,
7/1/2016,fast mover,10643-12-8-BULK,10,390,0,
8/1/2016,fast mover,10643-12-8-BULK,10,325,0,
9/1/2016,fast mover,10643-12-8-BULK,10,130,0,
10/1/2016,fast mover,10643-12-8-BULK,10,341,0,
11/1/2016,fast mover,10643-12-8-BULK,10,130,0,
12/1/2016,fast mover,10643-12-8-BULK,10,455,0,
1/1/2017,fast mover,10643-12-8-BULK,10,260,0,
2/1/2017,fast mover,10643-12-8-BULK,10,65,0,
3/1/2017,fast mover,10643-12-8-BULK,10,455,0,
4/1/2017,fast mover,10643-12-8-BULK,10,195,0,
5/1/2017,fast mover,10643-12-8-BULK,10,260,0,
6/1/2017,fast mover,10643-12-8-BULK,10,260,0,
7/1/2017,fast mover,10643-12-8-BULK,10,325,0,
8/1/2017,fast mover,10643-12-8-BULK,10,195,0,
9/1/2017,fast mover,10643-12-8-BULK,10,585,0,
10/1/2017,fast mover,10643-12-8-BULK,10,130,0,
11/1/2017,fast mover,10643-12-8-BULK,10,65,0,
12/1/2017,fast mover,10643-12-8-BULK,10,390,0,
1/1/2018,fast mover,10643-12-8-BULK,10,260,0,
2/1/2018,fast mover,10643-12-8-BULK,10,130,0,
3/1/2018,fast mover,10643-12-8-BULK,10,130,0,
4/1/2018,fast mover,10643-12-8-BULK,10,33,0,
5/1/2018,fast mover,10643-12-8-BULK,10,325,0,
6/1/2018,fast mover,10643-12-8-BULK,10,130,0,
7/1/2018,fast mover,10643-12-8-BULK,10,390,0,
8/1/2018,fast mover,10643-12-8-BULK,10,455,0,
9/1/2018,fast mover,10643-12-8-BULK,10,390,0,
10/1/2018,fast mover,10643-12-8-BULK,10,195,0,
11/1/2018,fast mover,10643-12-8-BULK,10,130,0,
12/1/2018,fast mover,10643-12-8-BULK,10,195,0,
1/1/2019,fast mover,10643-12-8-BULK,10,260,0,
2/1/2019,fast mover,10643-12-8-BULK,10,130,0,
3/1/2019,fast mover,10643-12-8-BULK,10,195,0,
4/1/2019,fast mover,10643-12-8-BULK,10,260,0,
5/1/2019,fast mover,10643-12-8-BULK,10,455,0,
6/1/2019,fast mover,10643-12-8-BULK,10,390,0,
7/1/2019,fast mover,10643-12-8-BULK,10,260,0,
8/1/2019,fast mover,10643-12-8-BULK,10,260,0,
9/1/2019,fast mover,10643-12-8-BULK,10,455,0,
10/1/2019,fast mover,10643-12-8-BULK,10,260,0,
11/1/2019,fast mover,10643-12-8-BULK,10,195,0,
12/1/2019,fast mover,10643-12-8-BULK,10,260,0,
1/1/2020,fast mover,10643-12-8-BULK,10,195,0,
2/1/2020,fast mover,10643-12-8-BULK,10,260,0,
3/1/2020,fast mover,10643-12-8-BULK,10,438,0,
4/1/2020,fast mover,10643-12-8-BULK,10,260,0,
5/1/2020,fast mover,10643-12-8-BULK,10,520,0,
6/1/2020,fast mover,10643-12-8-BULK,10,260,0,
7/1/2020,fast mover,10643-12-8-BULK,10,455,0,
8/1/2020,fast mover,10643-12-8-BULK,10,390,0,
9/1/2020,fast mover,10643-12-8-BULK,10,260,0,
10/1/2020,fast mover,10643-12-8-BULK,10,390,0,
11/1/2020,fast mover,10643-12-8-BULK,10,195,0,
12/1/2020,fast mover,10643-12-8-BULK,10,130,0,
7/1/2015,fast mover,11571-24-24,7,34,0,25.55
8/1/2015,fast mover,11571-24-24,7,11,0,25.55
9/1/2015,fast mover,11571-24-24,7,35,0,25.55
10/1/2015,fast mover,11571-24-24,7,10,0,25.55
11/1/2015,fast mover,11571-24-24,7,35,0,25.55
12/1/2015,fast mover,11571-24-24,7,32,0,25.55
1/1/2016,fast mover,11571-24-24,7,30,0,25.55
2/1/2016,fast mover,11571-24-24,7,23,0,25.55
3/1/2016,fast mover,11571-24-24,7,23,0,25.55
4/1/2016,fast mover,11571-24-24,7,26,0,25.55
5/1/2016,fast mover,11571-24-24,7,29,0,25.55
6/1/2016,fast mover,11571-24-24,7,25,0,25.55
7/1/2016,fast mover,11571-24-24,7,24,0,25.55
8/1/2016,fast mover,11571-24-24,7,42,0,25.55
9/1/2016,fast mover,11571-24-24,7,31,0,25.55
10/1/2016,fast mover,11571-24-24,7,92,0,25.55
11/1/2016,fast mover,11571-24-24,7,53,0,25.55
12/1/2016,fast mover,11571-24-24,7,7,0,25.55
1/1/2017,fast mover,11571-24-24,7,43,0,25.55
2/1/2017,fast mover,11571-24-24,7,11,0,25.55
3/1/2017,fast mover,11571-24-24,7,21,0,25.55
4/1/2017,fast mover,11571-24-24,7,49,0,25.55
5/1/2017,fast mover,11571-24-24,7,13,0,25.55
6/1/2017,fast mover,11571-24-24,7,18,0,25.55
7/1/2017,fast mover,11571-24-24,7,76,0,25.55
8/1/2017,fast mover,11571-24-24,7,20,0,25.55
9/1/2017,fast mover,11571-24-24,7,87,0,25.55
10/1/2017,fast mover,11571-24-24,7,16,0,25.55
11/1/2017,fast mover,11571-24-24,7,52,0,25.55
12/1/2017,fast mover,11571-24-24,7,6,0,25.55
1/1/2018,fast mover,11571-24-24,7,55,0,25.55
2/1/2018,fast mover,11571-24-24,7,24,0,25.55
3/1/2018,fast mover,11571-24-24,7,12,0,25.55
4/1/2018,fast mover,11571-24-24,7,22,0,25.55
5/1/2018,fast mover,11571-24-24,7,28,0,25.55
6/1/2018,fast mover,11571-24-24,7,13,0,25.55
7/1/2018,fast mover,11571-24-24,7,9,0,25.55
8/1/2018,fast mover,11571-24-24,7,10,0,25.55
9/1/2018,fast mover,11571-24-24,7,10,4,22.87
10/1/2018,fast mover,11571-24-24,7,10,0,25.55
11/1/2018,fast mover,11571-24-24,7,17,0,25.55
12/1/2018,fast mover,11571-24-24,7,6,6,22.87
1/1/2019,fast mover,11571-24-24,7,9,2,49.64
2/1/2019,fast mover,11571-24-24,7,4,2,22.88
3/1/2019,fast mover,11571-24-24,7,12,2,22.88
4/1/2019,fast mover,11571-24-24,7,8,4,22.87
5/1/2019,fast mover,11571-24-24,7,15,2,22.88
6/1/2019,fast mover,11571-24-24,7,4,5,22.87
7/1/2019,fast mover,11571-24-24,7,13,12,22.87
8/1/2019,fast mover,11571-24-24,7,6,0,25.55
9/1/2019,fast mover,11571-24-24,7,0,0,25.55
10/1/2019,fast mover,11571-24-24,7,8,8,24.21
11/1/2019,fast mover,11571-24-24,7,4,0,25.55
12/1/2019,fast mover,11571-24-24,7,7,2,24.21
1/1/2020,fast mover,11571-24-24,7,3,0,25.55
2/1/2020,fast mover,11571-24-24,7,2,0,25.55
3/1/2020,fast mover,11571-24-24,7,3,0,25.55
4/1/2020,fast mover,11571-24-24,7,1,0,25.55
5/1/2020,fast mover,11571-24-24,7,10,0,25.55
6/1/2020,fast mover,11571-24-24,7,6,0,25.55
7/1/2020,fast mover,11571-24-24,7,7,0,25.55
8/1/2020,fast mover,11571-24-24,7,4,0,25.55
9/1/2020,fast mover,11571-24-24,7,20,0,25.55
10/1/2020,fast mover,11571-24-24,7,0,0,25.55
11/1/2020,fast mover,11571-24-24,7,1,0,25.55
12/1/2020,fast mover,11571-24-24,7,11,0,25.55
7/1/2015,fast mover,11571-24-24,80,128,0,32.54
8/1/2015,fast mover,11571-24-24,80,97,0,32.54
9/1/2015,fast mover,11571-24-24,80,133,0,32.54
10/1/2015,fast mover,11571-24-24,80,115,0,32.54
11/1/2015,fast mover,11571-24-24,80,184,0,32.54
12/1/2015,fast mover,11571-24-24,80,131,0,32.54
1/1/2016,fast mover,11571-24-24,80,80,0,32.54
2/1/2016,fast mover,11571-24-24,80,188,0,32.54
3/1/2016,fast mover,11571-24-24,80,144,0,32.54
4/1/2016,fast mover,11571-24-24,80,82,0,32.54
5/1/2016,fast mover,11571-24-24,80,110,0,32.54
6/1/2016,fast mover,11571-24-24,80,168,0,32.54
7/1/2016,fast mover,11571-24-24,80,124,0,32.54
8/1/2016,fast mover,11571-24-24,80,138,0,32.54
9/1/2016,fast mover,11571-24-24,80,165,0,32.54
10/1/2016,fast mover,11571-24-24,80,188,0,32.54
11/1/2016,fast mover,11571-24-24,80,172,0,32.54
12/1/2016,fast mover,11571-24-24,80,94,0,32.54
1/1/2017,fast mover,11571-24-24,80,70,0,32.54
2/1/2017,fast mover,11571-24-24,80,182,0,32.54
3/1/2017,fast mover,11571-24-24,80,136,0,32.54
4/1/2017,fast mover,11571-24-24,80,149,0,32.54
5/1/2017,fast mover,11571-24-24,80,112,0,32.54
6/1/2017,fast mover,11571-24-24,80,129,0,32.54
7/1/2017,fast mover,11571-24-24,80,157,0,32.54
8/1/2017,fast mover,11571-24-24,80,99,0,32.54
9/1/2017,fast mover,11571-24-24,80,196,0,32.54
10/1/2017,fast mover,11571-24-24,80,114,0,32.54
11/1/2017,fast mover,11571-24-24,80,57,0,32.54
12/1/2017,fast mover,11571-24-24,80,77,0,32.54
1/1/2018,fast mover,11571-24-24,80,84,0,32.54
2/1/2018,fast mover,11571-24-24,80,67,0,32.54
3/1/2018,fast mover,11571-24-24,80,222,0,32.54
4/1/2018,fast mover,11571-24-24,80,80,0,32.54
5/1/2018,fast mover,11571-24-24,80,171,0,32.54
6/1/2018,fast mover,11571-24-24,80,106,0,32.54
7/1/2018,fast mover,11571-24-24,80,94,0,32.54
8/1/2018,fast mover,11571-24-24,80,118,8,22.87
9/1/2018,fast mover,11571-24-24,80,89,0,32.54
10/1/2018,fast mover,11571-24-24,80,38,0,32.54
11/1/2018,fast mover,11571-24-24,80,73,4,22.87
12/1/2018,fast mover,11571-24-24,80,69,0,32.54
1/1/2019,fast mover,11571-24-24,80,42,0,32.54
2/1/2019,fast mover,11571-24-24,80,53,2,48.58
3/1/2019,fast mover,11571-24-24,80,42,0,32.54
4/1/2019,fast mover,11571-24-24,80,72,6,22.87
5/1/2019,fast mover,11571-24-24,80,40,0,32.54
6/1/2019,fast mover,11571-24-24,80,62,4,48.58
7/1/2019,fast mover,11571-24-24,80,52,0,32.54
8/1/2019,fast mover,11571-24-24,80,49,0,32.54
9/1/2019,fast mover,11571-24-24,80,28,0,32.54
10/1/2019,fast mover,11571-24-24,80,63,0,32.54
11/1/2019,fast mover,11571-24-24,80,23,0,32.54
12/1/2019,fast mover,11571-24-24,80,44,0,32.54
1/1/2020,fast mover,11571-24-24,80,45,0,32.54
2/1/2020,fast mover,11571-24-24,80,16,0,32.54
3/1/2020,fast mover,11571-24-24,80,19,0,32.54
4/1/2020,fast mover,11571-24-24,80,36,0,32.54
5/1/2020,fast mover,11571-24-24,80,21,0,32.54
6/1/2020,fast mover,11571-24-24,80,8,0,32.54
7/1/2020,fast mover,11571-24-24,80,40,8,24.21
8/1/2020,fast mover,11571-24-24,80,23,2,50.03
9/1/2020,fast mover,11571-24-24,80,18,4,23.61
10/1/2020,fast mover,11571-24-24,80,28,16,38.14
11/1/2020,fast mover,11571-24-24,80,15,0,32.54
12/1/2020,fast mover,11571-24-24,80,18,2,23.61
1/1/2016,fast mover,11571-24-20,6,12,0,
2/1/2016,fast mover,11571-24-20,6,1,0,
3/1/2016,fast mover,11571-24-20,6,30,0,
4/1/2016,fast mover,11571-24-20,6,1,0,
5/1/2016,fast mover,11571-24-20,6,21,0,
6/1/2016,fast mover,11571-24-20,6,9,0,
7/1/2016,fast mover,11571-24-20,6,4,0,
8/1/2016,fast mover,11571-24-20,6,7,0,
9/1/2016,fast mover,11571-24-20,6,24,0,
10/1/2016,fast mover,11571-24-20,6,23,0,
11/1/2016,fast mover,11571-24-20,6,0,0,
12/1/2016,fast mover,11571-24-20,6,46,0,
1/1/2017,fast mover,11571-24-20,6,2,0,
2/1/2017,fast mover,11571-24-20,6,12,0,
3/1/2017,fast mover,11571-24-20,6,15,0,
4/1/2017,fast mover,11571-24-20,6,26,0,
5/1/2017,fast mover,11571-24-20,6,1,0,
6/1/2017,fast mover,11571-24-20,6,35,0,
7/1/2017,fast mover,11571-24-20,6,0,0,
8/1/2017,fast mover,11571-24-20,6,20,0,
9/1/2017,fast mover,11571-24-20,6,0,0,
10/1/2017,fast mover,11571-24-20,6,25,0,
11/1/2017,fast mover,11571-24-20,6,16,0,
12/1/2017,fast mover,11571-24-20,6,0,0,
1/1/2018,fast mover,11571-24-20,6,10,0,
2/1/2018,fast mover,11571-24-20,6,8,0,
3/1/2018,fast mover,11571-24-20,6,30,0,
4/1/2018,fast mover,11571-24-20,6,52,0,
5/1/2018,fast mover,11571-24-20,6,60,0,
6/1/2018,fast mover,11571-24-20,6,9,0,
7/1/2018,fast mover,11571-24-20,6,21,0,
8/1/2018,fast mover,11571-24-20,6,17,0,
9/1/2018,fast mover,11571-24-20,6,10,0,
10/1/2018,fast mover,11571-24-20,6,10,0,
11/1/2018,fast mover,11571-24-20,6,20,0,
12/1/2018,fast mover,11571-24-20,6,12,0,
1/1/2019,fast mover,11571-24-20,6,20,0,
2/1/2019,fast mover,11571-24-20,6,24,0,
3/1/2019,fast mover,11571-24-20,6,20,0,
4/1/2019,fast mover,11571-24-20,6,20,0,
5/1/2019,fast mover,11571-24-20,6,40,0,
6/1/2019,fast mover,11571-24-20,6,20,0,
7/1/2019,fast mover,11571-24-20,6,40,0,
8/1/2019,fast mover,11571-24-20,6,15,0,
9/1/2019,fast mover,11571-24-20,6,10,0,
10/1/2019,fast mover,11571-24-20,6,40,0,
11/1/2019,fast mover,11571-24-20,6,20,0,
12/1/2019,fast mover,11571-24-20,6,30,0,
1/1/2020,fast mover,11571-24-20,6,0,0,
2/1/2020,fast mover,11571-24-20,6,0,0,
3/1/2020,fast mover,11571-24-20,6,22,0,
9/1/2016,fast mover,11343-8-8-BULK,6,480,0,8.39
10/1/2016,fast mover,11343-8-8-BULK,6,280,0,8.39
11/1/2016,fast mover,11343-8-8-BULK,6,200,0,8.39
12/1/2016,fast mover,11343-8-8-BULK,6,360,0,8.39
1/1/2017,fast mover,11343-8-8-BULK,6,240,0,8.39
2/1/2017,fast mover,11343-8-8-BULK,6,320,0,8.39
3/1/2017,fast mover,11343-8-8-BULK,6,520,0,8.39
4/1/2017,fast mover,11343-8-8-BULK,6,200,0,8.39
5/1/2017,fast mover,11343-8-8-BULK,6,720,0,8.39
6/1/2017,fast mover,11343-8-8-BULK,6,642,0,8.39
7/1/2017,fast mover,11343-8-8-BULK,6,280,0,8.39
8/1/2017,fast mover,11343-8-8-BULK,6,320,0,8.39
9/1/2017,fast mover,11343-8-8-BULK,6,360,0,8.39
10/1/2017,fast mover,11343-8-8-BULK,6,280,0,8.39
11/1/2017,fast mover,11343-8-8-BULK,6,240,0,8.39
12/1/2017,fast mover,11343-8-8-BULK,6,200,0,8.39
1/1/2018,fast mover,11343-8-8-BULK,6,360,0,8.39
2/1/2018,fast mover,11343-8-8-BULK,6,280,0,8.39
3/1/2018,fast mover,11343-8-8-BULK,6,160,0,8.39
4/1/2018,fast mover,11343-8-8-BULK,6,320,0,8.39
5/1/2018,fast mover,11343-8-8-BULK,6,440,0,8.39
6/1/2018,fast mover,11343-8-8-BULK,6,160,0,8.39
7/1/2018,fast mover,11343-8-8-BULK,6,560,0,8.39
8/1/2018,fast mover,11343-8-8-BULK,6,80,0,8.39
9/1/2018,fast mover,11343-8-8-BULK,6,360,0,8.39
10/1/2018,fast mover,11343-8-8-BULK,6,280,0,8.39
11/1/2018,fast mover,11343-8-8-BULK,6,120,0,8.39
12/1/2018,fast mover,11343-8-8-BULK,6,100,0,8.39
1/1/2019,fast mover,11343-8-8-BULK,6,320,0,8.39
2/1/2019,fast mover,11343-8-8-BULK,6,120,0,8.39
3/1/2019,fast mover,11343-8-8-BULK,6,360,0,8.39
4/1/2019,fast mover,11343-8-8-BULK,6,400,0,8.39
5/1/2019,fast mover,11343-8-8-BULK,6,400,0,8.39
6/1/2019,fast mover,11343-8-8-BULK,6,360,80,8.53
7/1/2019,fast mover,11343-8-8-BULK,6,320,0,8.39
8/1/2019,fast mover,11343-8-8-BULK,6,200,0,8.39
9/1/2019,fast mover,11343-8-8-BULK,6,320,0,8.39
10/1/2019,fast mover,11343-8-8-BULK,6,320,0,8.39
11/1/2019,fast mover,11343-8-8-BULK,6,160,0,8.39
12/1/2019,fast mover,11343-8-8-BULK,6,120,40,8.1
1/1/2020,fast mover,11343-8-8-BULK,6,200,0,8.39
2/1/2020,fast mover,11343-8-8-BULK,6,400,40,8.53
3/1/2020,fast mover,11343-8-8-BULK,6,240,0,8.39
4/1/2020,fast mover,11343-8-8-BULK,6,240,0,8.39
5/1/2020,fast mover,11343-8-8-BULK,6,200,0,8.39
6/1/2020,fast mover,11343-8-8-BULK,6,240,0,8.39
7/1/2020,fast mover,11343-8-8-BULK,6,320,0,8.39
8/1/2020,fast mover,11343-8-8-BULK,6,320,0,8.39
9/1/2020,fast mover,11343-8-8-BULK,6,480,0,8.39
10/1/2020,fast mover,11343-8-8-BULK,6,0,0,8.39
11/1/2020,fast mover,11343-8-8-BULK,6,0,0,8.39
12/1/2020,fast mover,11343-8-8-BULK,6,80,0,8.39
12/1/2016,fast mover,11343-8-8,10,180,0,7.24
1/1/2017,fast mover,11343-8-8,10,166,0,7.24
2/1/2017,fast mover,11343-8-8,10,90,0,7.24
3/1/2017,fast mover,11343-8-8,10,196,0,7.24
4/1/2017,fast mover,11343-8-8,10,125,0,7.24
5/1/2017,fast mover,11343-8-8,10,248,0,7.24
6/1/2017,fast mover,11343-8-8,10,155,0,7.24
7/1/2017,fast mover,11343-8-8,10,220,0,7.24
8/1/2017,fast mover,11343-8-8,10,198,0,7.24
9/1/2017,fast mover,11343-8-8,10,211,0,7.24
10/1/2017,fast mover,11343-8-8,10,149,0,7.24
11/1/2017,fast mover,11343-8-8,10,169,0,7.24
12/1/2017,fast mover,11343-8-8,10,142,0,7.24
1/1/2018,fast mover,11343-8-8,10,295,0,7.24
2/1/2018,fast mover,11343-8-8,10,220,0,7.24
3/1/2018,fast mover,11343-8-8,10,240,0,7.24
4/1/2018,fast mover,11343-8-8,10,185,0,7.24
5/1/2018,fast mover,11343-8-8,10,180,0,7.24
6/1/2018,fast mover,11343-8-8,10,300,0,7.24
7/1/2018,fast mover,11343-8-8,10,270,0,7.24
8/1/2018,fast mover,11343-8-8,10,351,0,7.24
9/1/2018,fast mover,11343-8-8,10,145,0,7.24
10/1/2018,fast mover,11343-8-8,10,255,0,7.24
11/1/2018,fast mover,11343-8-8,10,245,10,6.97
12/1/2018,fast mover,11343-8-8,10,141,40,6.97
1/1/2019,fast mover,11343-8-8,10,222,22,7.14
2/1/2019,fast mover,11343-8-8,10,155,0,7.24
3/1/2019,fast mover,11343-8-8,10,199,0,7.24
4/1/2019,fast mover,11343-8-8,10,179,0,7.24
5/1/2019,fast mover,11343-8-8,10,270,0,7.24
6/1/2019,fast mover,11343-8-8,10,210,10,7.21
7/1/2019,fast mover,11343-8-8,10,295,0,7.24
8/1/2019,fast mover,11343-8-8,10,275,0,7.24
9/1/2019,fast mover,11343-8-8,10,256,0,7.24
10/1/2019,fast mover,11343-8-8,10,230,0,7.24
11/1/2019,fast mover,11343-8-8,10,165,5,7.3
12/1/2019,fast mover,11343-8-8,10,285,40,7.21
1/1/2020,fast mover,11343-8-8,10,217,30,7.21
2/1/2020,fast mover,11343-8-8,10,249,0,7.24
3/1/2020,fast mover,11343-8-8,10,283,0,7.24
4/1/2020,fast mover,11343-8-8,10,180,10,7.21
5/1/2020,fast mover,11343-8-8,10,300,20,7.21
6/1/2020,fast mover,11343-8-8,10,156,10,7.21
7/1/2020,fast mover,11343-8-8,10,224,0,7.24
8/1/2020,fast mover,11343-8-8,10,281,24,8.08
9/1/2020,fast mover,11343-8-8,10,167,0,7.24
10/1/2020,fast mover,11343-8-8,10,159,0,7.24
11/1/2020,fast mover,11343-8-8,10,174,20,7.21
12/1/2020,fast mover,11343-8-8,10,115,20,7.21
7/1/2015,fast mover,11343-8-8,80,2391,0,7.58
8/1/2015,fast mover,11343-8-8,80,2612,0,7.58
9/1/2015,fast mover,11343-8-8,80,1856,0,7.58
10/1/2015,fast mover,11343-8-8,80,2765,0,7.58
11/1/2015,fast mover,11343-8-8,80,2313,0,7.58
12/1/2015,fast mover,11343-8-8,80,1837,0,7.58
1/1/2016,fast mover,11343-8-8,80,1647,0,7.58
2/1/2016,fast mover,11343-8-8,80,2585,0,7.58
3/1/2016,fast mover,11343-8-8,80,1897,0,7.58
4/1/2016,fast mover,11343-8-8,80,1981,0,7.58
5/1/2016,fast mover,11343-8-8,80,1959,0,7.58
6/1/2016,fast mover,11343-8-8,80,1823,0,7.58
7/1/2016,fast mover,11343-8-8,80,2408,0,7.58
8/1/2016,fast mover,11343-8-8,80,3201,0,7.58
9/1/2016,fast mover,11343-8-8,80,2205,0,7.58
10/1/2016,fast mover,11343-8-8,80,2324,0,7.58
11/1/2016,fast mover,11343-8-8,80,1329,0,7.58
12/1/2016,fast mover,11343-8-8,80,1795,0,7.58
1/1/2017,fast mover,11343-8-8,80,1897,0,7.58
2/1/2017,fast mover,11343-8-8,80,2514,0,7.58
3/1/2017,fast mover,11343-8-8,80,4096,0,7.58
4/1/2017,fast mover,11343-8-8,80,1524,0,7.58
5/1/2017,fast mover,11343-8-8,80,2847,0,7.58
6/1/2017,fast mover,11343-8-8,80,2559,0,7.58
7/1/2017,fast mover,11343-8-8,80,2642,0,7.58
8/1/2017,fast mover,11343-8-8,80,2938,0,7.58
9/1/2017,fast mover,11343-8-8,80,2037,0,7.58
10/1/2017,fast mover,11343-8-8,80,2127,0,7.58
11/1/2017,fast mover,11343-8-8,80,1893,0,7.58
12/1/2017,fast mover,11343-8-8,80,2045,0,7.58
1/1/2018,fast mover,11343-8-8,80,2620,0,7.58
2/1/2018,fast mover,11343-8-8,80,2424,0,7.58
3/1/2018,fast mover,11343-8-8,80,1656,0,7.58
4/1/2018,fast mover,11343-8-8,80,1574,0,7.58
5/1/2018,fast mover,11343-8-8,80,2701,0,7.58
6/1/2018,fast mover,11343-8-8,80,2996,0,7.58
7/1/2018,fast mover,11343-8-8,80,2989,0,7.58
8/1/2018,fast mover,11343-8-8,80,2683,10,5.65
9/1/2018,fast mover,11343-8-8,80,2000,130,7.76
10/1/2018,fast mover,11343-8-8,80,2186,200,7.51
11/1/2018,fast mover,11343-8-8,80,1629,21,7.43
12/1/2018,fast mover,11343-8-8,80,1386,10,6.49
1/1/2019,fast mover,11343-8-8,80,2291,124,6.9
2/1/2019,fast mover,11343-8-8,80,1761,272,7.5
3/1/2019,fast mover,11343-8-8,80,1999,80,7.68
4/1/2019,fast mover,11343-8-8,80,1705,120,8.72
5/1/2019,fast mover,11343-8-8,80,1694,4,9.85
6/1/2019,fast mover,11343-8-8,80,2348,80,7.18
7/1/2019,fast mover,11343-8-8,80,1862,1030,7.78
8/1/2019,fast mover,11343-8-8,80,1532,13,8.57
9/1/2019,fast mover,11343-8-8,80,2750,1010,6.61
10/1/2019,fast mover,11343-8-8,80,2191,50,7.61
11/1/2019,fast mover,11343-8-8,80,2383,558,7.36
12/1/2019,fast mover,11343-8-8,80,2762,460,6.67
1/1/2020,fast mover,11343-8-8,80,2252,620,7.43
2/1/2020,fast mover,11343-8-8,80,2050,1035,7.78
3/1/2020,fast mover,11343-8-8,80,2311,609,8.01
4/1/2020,fast mover,11343-8-8,80,1154,94,8.22
5/1/2020,fast mover,11343-8-8,80,1884,60,7.81
6/1/2020,fast mover,11343-8-8,80,1606,180,8.04
7/1/2020,fast mover,11343-8-8,80,1819,540,8.21
8/1/2020,fast mover,11343-8-8,80,2439,800,7.35
9/1/2020,fast mover,11343-8-8,80,2663,473,7.66
10/1/2020,fast mover,11343-8-8,80,3436,1140,7.35
11/1/2020,fast mover,11343-8-8,80,2051,760,7.88
12/1/2020,fast mover,11343-8-8,80,3273,700,7.29
5/1/2016,fast mover,11343-8-8,7,1054,0,7.01
6/1/2016,fast mover,11343-8-8,7,898,0,7.01
7/1/2016,fast mover,11343-8-8,7,1065,0,7.01
8/1/2016,fast mover,11343-8-8,7,1584,205,7.01
9/1/2016,fast mover,11343-8-8,7,1736,0,7.01
10/1/2016,fast mover,11343-8-8,7,872,0,7.01
11/1/2016,fast mover,11343-8-8,7,653,0,7.01
12/1/2016,fast mover,11343-8-8,7,1100,0,7.01
1/1/2017,fast mover,11343-8-8,7,2745,0,7.01
2/1/2017,fast mover,11343-8-8,7,1350,0,7.01
3/1/2017,fast mover,11343-8-8,7,1270,0,7.01
4/1/2017,fast mover,11343-8-8,7,747,0,7.01
5/1/2017,fast mover,11343-8-8,7,1119,0,7.01
6/1/2017,fast mover,11343-8-8,7,1063,0,7.01
7/1/2017,fast mover,11343-8-8,7,750,0,7.01
8/1/2017,fast mover,11343-8-8,7,1095,0,7.01
9/1/2017,fast mover,11343-8-8,7,965,0,7.01
10/1/2017,fast mover,11343-8-8,7,740,0,7.01
11/1/2017,fast mover,11343-8-8,7,805,0,7.01
12/1/2017,fast mover,11343-8-8,7,1575,0,7.01
1/1/2018,fast mover,11343-8-8,7,2580,0,7.01
2/1/2018,fast mover,11343-8-8,7,516,0,7.01
3/1/2018,fast mover,11343-8-8,7,1477,0,7.01
4/1/2018,fast mover,11343-8-8,7,690,0,7.01
5/1/2018,fast mover,11343-8-8,7,889,0,7.01
6/1/2018,fast mover,11343-8-8,7,802,0,7.01
7/1/2018,fast mover,11343-8-8,7,1270,0,7.01
8/1/2018,fast mover,11343-8-8,7,1314,540,6.73
9/1/2018,fast mover,11343-8-8,7,1250,180,6.65
10/1/2018,fast mover,11343-8-8,7,1050,410,6.65
11/1/2018,fast mover,11343-8-8,7,878,340,6.65
12/1/2018,fast mover,11343-8-8,7,1280,860,6.73
1/1/2019,fast mover,11343-8-8,7,2883,2370,6.81
2/1/2019,fast mover,11343-8-8,7,600,300,6.65
3/1/2019,fast mover,11343-8-8,7,496,350,6.65
4/1/2019,fast mover,11343-8-8,7,945,370,6.73
5/1/2019,fast mover,11343-8-8,7,1124,250,6.85
6/1/2019,fast mover,11343-8-8,7,1086,340,7.4
7/1/2019,fast mover,11343-8-8,7,1090,850,6.85
8/1/2019,fast mover,11343-8-8,7,1466,670,7.21
9/1/2019,fast mover,11343-8-8,7,760,30,6.94
10/1/2019,fast mover,11343-8-8,7,813,140,6.85
11/1/2019,fast mover,11343-8-8,7,690,90,7.46
12/1/2019,fast mover,11343-8-8,7,1805,1040,7.03
1/1/2020,fast mover,11343-8-8,7,2165,1670,7.1
2/1/2020,fast mover,11343-8-8,7,626,60,7.21
3/1/2020,fast mover,11343-8-8,7,349,0,7.01
4/1/2020,fast mover,11343-8-8,7,661,125,7.86
5/1/2020,fast mover,11343-8-8,7,660,60,7.21
6/1/2020,fast mover,11343-8-8,7,820,40,7.21
7/1/2020,fast mover,11343-8-8,7,980,410,7.21
8/1/2020,fast mover,11343-8-8,7,1366,720,6.8
9/1/2020,fast mover,11343-8-8,7,1086,70,7.21
10/1/2020,fast mover,11343-8-8,7,1091,80,7.21
11/1/2020,fast mover,11343-8-8,7,2215,480,7.21
12/1/2020,fast mover,11343-8-8,7,1706,1920,7.21
9/1/2016,fast mover,11343-8-6,80,685,0,7.75
10/1/2016,fast mover,11343-8-6,80,804,0,7.75
11/1/2016,fast mover,11343-8-6,80,717,0,7.75
12/1/2016,fast mover,11343-8-6,80,897,0,7.75
1/1/2017,fast mover,11343-8-6,80,1046,0,7.75
2/1/2017,fast mover,11343-8-6,80,1225,0,7.75
3/1/2017,fast mover,11343-8-6,80,1207,0,7.75
4/1/2017,fast mover,11343-8-6,80,807,0,7.75
5/1/2017,fast mover,11343-8-6,80,1197,0,7.75
6/1/2017,fast mover,11343-8-6,80,1018,0,7.75
7/1/2017,fast mover,11343-8-6,80,1207,0,7.75
8/1/2017,fast mover,11343-8-6,80,1293,0,7.75
9/1/2017,fast mover,11343-8-6,80,890,0,7.75
10/1/2017,fast mover,11343-8-6,80,1287,0,7.75
11/1/2017,fast mover,11343-8-6,80,1204,0,7.75
12/1/2017,fast mover,11343-8-6,80,1336,0,7.75
1/1/2018,fast mover,11343-8-6,80,1401,0,7.75
2/1/2018,fast mover,11343-8-6,80,1486,0,7.75
3/1/2018,fast mover,11343-8-6,80,1474,0,7.75
4/1/2018,fast mover,11343-8-6,80,518,0,7.75
5/1/2018,fast mover,11343-8-6,80,1691,0,7.75
6/1/2018,fast mover,11343-8-6,80,774,0,7.75
7/1/2018,fast mover,11343-8-6,80,1116,0,7.75
8/1/2018,fast mover,11343-8-6,80,1146,20,7.33
9/1/2018,fast mover,11343-8-6,80,1083,100,8.48
10/1/2018,fast mover,11343-8-6,80,1119,350,8.26
11/1/2018,fast mover,11343-8-6,80,1034,0,7.75
12/1/2018,fast mover,11343-8-6,80,837,295,8.26
1/1/2019,fast mover,11343-8-6,80,957,124,7.8
2/1/2019,fast mover,11343-8-6,80,896,151,8.01
3/1/2019,fast mover,11343-8-6,80,624,68,8.13
4/1/2019,fast mover,11343-8-6,80,1030,0,7.75
5/1/2019,fast mover,11343-8-6,80,1272,655,8.33
6/1/2019,fast mover,11343-8-6,80,707,0,7.75
7/1/2019,fast mover,11343-8-6,80,1078,269,8.73
8/1/2019,fast mover,11343-8-6,80,1515,713,7.93
9/1/2019,fast mover,11343-8-6,80,1200,74,7.53
10/1/2019,fast mover,11343-8-6,80,905,20,7.43
11/1/2019,fast mover,11343-8-6,80,984,36,7.33
12/1/2019,fast mover,11343-8-6,80,1326,341,7.86
1/1/2020,fast mover,11343-8-6,80,1077,523,7.46
2/1/2020,fast mover,11343-8-6,80,1269,105,6.63
3/1/2020,fast mover,11343-8-6,80,842,22,8.73
4/1/2020,fast mover,11343-8-6,80,1188,370,7.17
5/1/2020,fast mover,11343-8-6,80,1137,60,8.73
6/1/2020,fast mover,11343-8-6,80,855,90,7.43
7/1/2020,fast mover,11343-8-6,80,1079,160,7.72
8/1/2020,fast mover,11343-8-6,80,1211,180,7.72
9/1/2020,fast mover,11343-8-6,80,1462,100,5.45
10/1/2020,fast mover,11343-8-6,80,1140,200,7.91
11/1/2020,fast mover,11343-8-6,80,1415,744,7.82
12/1/2020,fast mover,11343-8-6,80,2176,817,7.3
10/1/2016,fast mover,11343-8-6,12,45,0,7.03
11/1/2016,fast mover,11343-8-6,12,34,0,7.03
12/1/2016,fast mover,11343-8-6,12,20,0,7.03
1/1/2017,fast mover,11343-8-6,12,118,0,7.03
2/1/2017,fast mover,11343-8-6,12,29,0,7.03
3/1/2017,fast mover,11343-8-6,12,113,0,7.03
4/1/2017,fast mover,11343-8-6,12,55,0,7.03
5/1/2017,fast mover,11343-8-6,12,147,0,7.03
6/1/2017,fast mover,11343-8-6,12,95,0,7.03
7/1/2017,fast mover,11343-8-6,12,67,0,7.03
8/1/2017,fast mover,11343-8-6,12,79,0,7.03
9/1/2017,fast mover,11343-8-6,12,97,0,7.03
10/1/2017,fast mover,11343-8-6,12,91,0,7.03
11/1/2017,fast mover,11343-8-6,12,80,0,7.03
12/1/2017,fast mover,11343-8-6,12,83,0,7.03
1/1/2018,fast mover,11343-8-6,12,112,0,7.03
2/1/2018,fast mover,11343-8-6,12,122,0,7.03
3/1/2018,fast mover,11343-8-6,12,56,0,7.03
4/1/2018,fast mover,11343-8-6,12,100,0,7.03
5/1/2018,fast mover,11343-8-6,12,171,0,7.03
6/1/2018,fast mover,11343-8-6,12,46,0,7.03
7/1/2018,fast mover,11343-8-6,12,117,0,7.03
8/1/2018,fast mover,11343-8-6,12,96,5,6.8
9/1/2018,fast mover,11343-8-6,12,45,2,6.8
10/1/2018,fast mover,11343-8-6,12,98,0,7.03
11/1/2018,fast mover,11343-8-6,12,78,6,6.8
12/1/2018,fast mover,11343-8-6,12,38,2,6.8
1/1/2019,fast mover,11343-8-6,12,73,2,6.8
2/1/2019,fast mover,11343-8-6,12,52,0,7.03
3/1/2019,fast mover,11343-8-6,12,60,8,6.8
4/1/2019,fast mover,11343-8-6,12,119,0,7.03
5/1/2019,fast mover,11343-8-6,12,80,0,7.03
6/1/2019,fast mover,11343-8-6,12,81,2,7.04
7/1/2019,fast mover,11343-8-6,12,121,4,8.32
8/1/2019,fast mover,11343-8-6,12,79,0,7.03
9/1/2019,fast mover,11343-8-6,12,93,2,7.04
10/1/2019,fast mover,11343-8-6,12,63,0,7.03
11/1/2019,fast mover,11343-8-6,12,48,0,7.03
12/1/2019,fast mover,11343-8-6,12,40,0,7.03
1/1/2020,fast mover,11343-8-6,12,105,11,7.04
2/1/2020,fast mover,11343-8-6,12,89,0,7.03
3/1/2020,fast mover,11343-8-6,12,108,0,7.03
4/1/2020,fast mover,11343-8-6,12,69,0,7.03
5/1/2020,fast mover,11343-8-6,12,91,0,7.03
6/1/2020,fast mover,11343-8-6,12,79,0,7.03
7/1/2020,fast mover,11343-8-6,12,71,0,7.03
8/1/2020,fast mover,11343-8-6,12,47,3,7.04
9/1/2020,fast mover,11343-8-6,12,81,0,7.03
10/1/2020,fast mover,11343-8-6,12,68,0,7.03
11/1/2020,fast mover,11343-8-6,12,55,0,7.03
12/1/2020,fast mover,11343-8-6,12,27,9,7.04
7/1/2015,fast mover,10643-12-12,6,629,0,4.86
8/1/2015,fast mover,10643-12-12,6,502,0,4.86
9/1/2015,fast mover,10643-12-12,6,592,0,4.86
10/1/2015,fast mover,10643-12-12,6,584,0,4.86
11/1/2015,fast mover,10643-12-12,6,315,0,4.86
12/1/2015,fast mover,10643-12-12,6,433,0,4.86
1/1/2016,fast mover,10643-12-12,6,405,0,4.86
2/1/2016,fast mover,10643-12-12,6,394,0,4.86
3/1/2016,fast mover,10643-12-12,6,339,0,4.86
4/1/2016,fast mover,10643-12-12,6,463,0,4.86
5/1/2016,fast mover,10643-12-12,6,458,0,4.86
6/1/2016,fast mover,10643-12-12,6,530,0,4.86
7/1/2016,fast mover,10643-12-12,6,284,0,4.86
8/1/2016,fast mover,10643-12-12,6,503,0,4.86
9/1/2016,fast mover,10643-12-12,6,486,0,4.86
10/1/2016,fast mover,10643-12-12,6,376,0,4.86
11/1/2016,fast mover,10643-12-12,6,192,0,4.86
12/1/2016,fast mover,10643-12-12,6,274,0,4.86
1/1/2017,fast mover,10643-12-12,6,375,0,4.86
2/1/2017,fast mover,10643-12-12,6,221,0,4.86
3/1/2017,fast mover,10643-12-12,6,216,0,4.86
4/1/2017,fast mover,10643-12-12,6,410,0,4.86
5/1/2017,fast mover,10643-12-12,6,132,0,4.86
6/1/2017,fast mover,10643-12-12,6,185,0,4.86
7/1/2017,fast mover,10643-12-12,6,303,0,4.86
8/1/2017,fast mover,10643-12-12,6,175,0,4.86
9/1/2017,fast mover,10643-12-12,6,150,0,4.86
10/1/2017,fast mover,10643-12-12,6,150,0,4.86
11/1/2017,fast mover,10643-12-12,6,521,0,4.86
12/1/2017,fast mover,10643-12-12,6,316,0,4.86
1/1/2018,fast mover,10643-12-12,6,351,0,4.86
2/1/2018,fast mover,10643-12-12,6,200,0,4.86
3/1/2018,fast mover,10643-12-12,6,143,0,4.86
4/1/2018,fast mover,10643-12-12,6,201,0,4.86
5/1/2018,fast mover,10643-12-12,6,196,0,4.86
6/1/2018,fast mover,10643-12-12,6,234,0,4.86
7/1/2018,fast mover,10643-12-12,6,217,0,4.86
8/1/2018,fast mover,10643-12-12,6,207,25,4.14
9/1/2018,fast mover,10643-12-12,6,197,10,4.93
10/1/2018,fast mover,10643-12-12,6,249,10,4.93
11/1/2018,fast mover,10643-12-12,6,179,15,4.93
12/1/2018,fast mover,10643-12-12,6,92,10,4.93
1/1/2019,fast mover,10643-12-12,6,450,135,4.93
2/1/2019,fast mover,10643-12-12,6,109,10,4.93
3/1/2019,fast mover,10643-12-12,6,236,20,3.36
4/1/2019,fast mover,10643-12-12,6,167,20,4.23
5/1/2019,fast mover,10643-12-12,6,222,20,5.1
6/1/2019,fast mover,10643-12-12,6,176,5,5.1
7/1/2019,fast mover,10643-12-12,6,180,35,4.4
8/1/2019,fast mover,10643-12-12,6,200,50,4.4
9/1/2019,fast mover,10643-12-12,6,339,5,5.1
10/1/2019,fast mover,10643-12-12,6,311,25,5.1
11/1/2019,fast mover,10643-12-12,6,112,5,5.1
12/1/2019,fast mover,10643-12-12,6,385,115,5.1
1/1/2020,fast mover,10643-12-12,6,278,80,5.1
2/1/2020,fast mover,10643-12-12,6,372,10,5.1
3/1/2020,fast mover,10643-12-12,6,201,0,4.86
4/1/2020,fast mover,10643-12-12,6,189,0,4.86
5/1/2020,fast mover,10643-12-12,6,310,5,5.1
6/1/2020,fast mover,10643-12-12,6,322,0,4.86
7/1/2020,fast mover,10643-12-12,6,311,85,5.1
8/1/2020,fast mover,10643-12-12,6,273,10,5.1
9/1/2020,fast mover,10643-12-12,6,238,0,4.86
10/1/2020,fast mover,10643-12-12,6,64,24,5.66
11/1/2020,fast mover,10643-12-12,6,28,0,4.86
12/1/2020,fast mover,10643-12-12,6,5,0,4.86
8/1/2016,fast mover,10643-12-12,7,5414,112,3.96
9/1/2016,fast mover,10643-12-12,7,3622,0,3.96
10/1/2016,fast mover,10643-12-12,7,2478,0,3.96
11/1/2016,fast mover,10643-12-12,7,2741,34,3.96
12/1/2016,fast mover,10643-12-12,7,2843,0,3.96
1/1/2017,fast mover,10643-12-12,7,5161,0,3.96
2/1/2017,fast mover,10643-12-12,7,4820,0,3.96
3/1/2017,fast mover,10643-12-12,7,2526,0,3.96
4/1/2017,fast mover,10643-12-12,7,2119,0,3.96
5/1/2017,fast mover,10643-12-12,7,1979,0,3.96
6/1/2017,fast mover,10643-12-12,7,1813,0,3.96
7/1/2017,fast mover,10643-12-12,7,2881,0,3.96
8/1/2017,fast mover,10643-12-12,7,2285,0,3.96
9/1/2017,fast mover,10643-12-12,7,3455,0,3.96
10/1/2017,fast mover,10643-12-12,7,1963,0,3.96
11/1/2017,fast mover,10643-12-12,7,2723,0,3.96
12/1/2017,fast mover,10643-12-12,7,3105,0,3.96
1/1/2018,fast mover,10643-12-12,7,4739,6,3.96
2/1/2018,fast mover,10643-12-12,7,3791,0,3.96
3/1/2018,fast mover,10643-12-12,7,3640,0,3.96
4/1/2018,fast mover,10643-12-12,7,10810,14,3.96
5/1/2018,fast mover,10643-12-12,7,2114,0,3.96
6/1/2018,fast mover,10643-12-12,7,1960,0,3.96
7/1/2018,fast mover,10643-12-12,7,3981,0,3.96
8/1/2018,fast mover,10643-12-12,7,3423,985,4.37
9/1/2018,fast mover,10643-12-12,7,1782,350,3.51
10/1/2018,fast mover,10643-12-12,7,2054,830,3.44
11/1/2018,fast mover,10643-12-12,7,1441,355,4.78
12/1/2018,fast mover,10643-12-12,7,3251,1510,3.86
1/1/2019,fast mover,10643-12-12,7,5444,3675,4.08
2/1/2019,fast mover,10643-12-12,7,1494,415,3.51
3/1/2019,fast mover,10643-12-12,7,1966,700,4.1
4/1/2019,fast mover,10643-12-12,7,1986,445,4.2
5/1/2019,fast mover,10643-12-12,7,4526,2435,3.87
6/1/2019,fast mover,10643-12-12,7,2435,335,3.87
7/1/2019,fast mover,10643-12-12,7,2703,1425,3.84
8/1/2019,fast mover,10643-12-12,7,3663,1650,3.97
9/1/2019,fast mover,10643-12-12,7,2519,770,3.87
10/1/2019,fast mover,10643-12-12,7,1975,325,4.18
11/1/2019,fast mover,10643-12-12,7,2210,665,3.87
12/1/2019,fast mover,10643-12-12,7,2885,1660,3.58
1/1/2020,fast mover,10643-12-12,7,5205,3740,3.96
2/1/2020,fast mover,10643-12-12,7,2403,385,4.18
3/1/2020,fast mover,10643-12-12,7,2025,775,4.18
4/1/2020,fast mover,10643-12-12,7,1815,675,4.42
5/1/2020,fast mover,10643-12-12,7,3478,410,4.18
6/1/2020,fast mover,10643-12-12,7,2257,470,4.74
7/1/2020,fast mover,10643-12-12,7,2350,1245,4.18
8/1/2020,fast mover,10643-12-12,7,2940,1645,3.97
9/1/2020,fast mover,10643-12-12,7,1863,365,3.59
10/1/2020,fast mover,10643-12-12,7,2575,1220,3.51
11/1/2020,fast mover,10643-12-12,7,2545,1330,3.27
12/1/2020,fast mover,10643-12-12,7,4009,4730,3.83
1/1/2021,fast mover,10643-12-12,7,70,625,3.87
9/1/2015,slow mover,10643-24-24,8,40,71,16.53
10/1/2015,slow mover,10643-24-24,8,40,62,16.53
11/1/2015,slow mover,10643-24-24,8,30,52,16.53
12/1/2015,slow mover,10643-24-24,8,0,90,16.53
1/1/2016,slow mover,10643-24-24,8,40,66,16.53
2/1/2016,slow mover,10643-24-24,8,100,78,16.53
3/1/2016,slow mover,10643-24-24,8,30,34,16.53
4/1/2016,slow mover,10643-24-24,8,1,37,16.53
5/1/2016,slow mover,10643-24-24,8,0,55,16.53
6/1/2016,slow mover,10643-24-24,8,0,80,16.53
7/1/2016,slow mover,10643-24-24,8,34,26,16.53
8/1/2016,slow mover,10643-24-24,8,20,318,16.53
9/1/2016,slow mover,10643-24-24,8,0,29,16.53
10/1/2016,slow mover,10643-24-24,8,0,89,16.53
11/1/2016,slow mover,10643-24-24,8,40,231,16.53
12/1/2016,slow mover,10643-24-24,8,0,31,16.53
1/1/2017,slow mover,10643-24-24,8,0,21,16.53
2/1/2017,slow mover,10643-24-24,8,0,14,16.53
3/1/2017,slow mover,10643-24-24,8,60,26,16.53
4/1/2017,slow mover,10643-24-24,8,14,47,16.53
5/1/2017,slow mover,10643-24-24,8,46,20,16.53
6/1/2017,slow mover,10643-24-24,8,40,98,16.53
7/1/2017,slow mover,10643-24-24,8,0,29,16.53
8/1/2017,slow mover,10643-24-24,8,0,130,16.53
9/1/2017,slow mover,10643-24-24,8,20,42,16.53
10/1/2017,slow mover,10643-24-24,8,0,147,16.53
11/1/2017,slow mover,10643-24-24,8,4,48,16.53
12/1/2017,slow mover,10643-24-24,8,20,53,16.53
1/1/2018,slow mover,10643-24-24,8,0,187,16.53
2/1/2018,slow mover,10643-24-24,8,0,62,16.53
3/1/2018,slow mover,10643-24-24,8,0,70,16.53
4/1/2018,slow mover,10643-24-24,8,0,192,16.53
5/1/2018,slow mover,10643-24-24,8,4,57,16.53
6/1/2018,slow mover,10643-24-24,8,0,62,16.53
7/1/2018,slow mover,10643-24-24,8,10,0,16.53
8/1/2018,slow mover,10643-24-24,8,2,2,18.06
9/1/2018,slow mover,10643-24-24,8,6,6,18.06
10/1/2018,slow mover,10643-24-24,8,12,12,16.44
11/1/2018,slow mover,10643-24-24,8,0,0,16.53
12/1/2018,slow mover,10643-24-24,8,0,0,16.53
1/1/2019,slow mover,10643-24-24,8,0,0,16.53
2/1/2019,slow mover,10643-24-24,8,0,0,16.53
3/1/2019,slow mover,10643-24-24,8,4,4,16.44
4/1/2019,slow mover,10643-24-24,8,0,0,16.53
5/1/2019,slow mover,10643-24-24,8,12,6,16.44
6/1/2019,slow mover,10643-24-24,8,0,0,16.53
7/1/2019,slow mover,10643-24-24,8,0,0,16.53
8/1/2019,slow mover,10643-24-24,8,2,0,16.53
9/1/2019,slow mover,10643-24-24,8,11,11,16.44
10/1/2019,slow mover,10643-24-24,8,2,2,16.44
11/1/2019,slow mover,10643-24-24,8,12,12,14.42
12/1/2019,slow mover,10643-24-24,8,1,1,16.44
1/1/2020,slow mover,10643-24-24,8,1,1,16.44
7/1/2015,slow mover,10643-24-24,13,3,50,18.79
8/1/2015,slow mover,10643-24-24,13,11,35,18.79
9/1/2015,slow mover,10643-24-24,13,0,37,18.79
10/1/2015,slow mover,10643-24-24,13,0,32,18.79
11/1/2015,slow mover,10643-24-24,13,0,27,18.79
12/1/2015,slow mover,10643-24-24,13,0,47,18.79
1/1/2016,slow mover,10643-24-24,13,0,34,18.79
2/1/2016,slow mover,10643-24-24,13,0,42,18.79
3/1/2016,slow mover,10643-24-24,13,0,18,18.79
4/1/2016,slow mover,10643-24-24,13,0,19,18.79
5/1/2016,slow mover,10643-24-24,13,0,29,18.79
6/1/2016,slow mover,10643-24-24,13,11,42,18.79
7/1/2016,slow mover,10643-24-24,13,0,13,18.79
8/1/2016,slow mover,10643-24-24,13,0,177,18.79
9/1/2016,slow mover,10643-24-24,13,0,15,18.79
10/1/2016,slow mover,10643-24-24,13,0,48,18.79
11/1/2016,slow mover,10643-24-24,13,0,122,18.79
12/1/2016,slow mover,10643-24-24,13,0,17,18.79
1/1/2017,slow mover,10643-24-24,13,0,11,18.79
2/1/2017,slow mover,10643-24-24,13,0,7,18.79
3/1/2017,slow mover,10643-24-24,13,10,13,18.79
4/1/2017,slow mover,10643-24-24,13,8,25,18.79
5/1/2017,slow mover,10643-24-24,13,0,10,18.79
6/1/2017,slow mover,10643-24-24,13,10,52,18.79
7/1/2017,slow mover,10643-24-24,13,0,15,18.79
8/1/2017,slow mover,10643-24-24,13,0,71,18.79
9/1/2017,slow mover,10643-24-24,13,12,22,18.79
10/1/2017,slow mover,10643-24-24,13,0,77,18.79
11/1/2017,slow mover,10643-24-24,13,0,25,18.79
12/1/2017,slow mover,10643-24-24,13,0,28,18.79
1/1/2018,slow mover,10643-24-24,13,10,99,18.79
2/1/2018,slow mover,10643-24-24,13,2,33,18.79
3/1/2018,slow mover,10643-24-24,13,0,38,18.79
4/1/2018,slow mover,10643-24-24,13,0,104,18.79
5/1/2018,slow mover,10643-24-24,13,1,30,18.79
6/1/2018,slow mover,10643-24-24,13,0,34,18.79
7/1/2018,slow mover,10643-24-24,13,2,0,18.79
8/1/2018,slow mover,10643-24-24,13,0,0,18.79
9/1/2018,slow mover,10643-24-24,13,6,6,19.33
10/1/2018,slow mover,10643-24-24,13,0,0,18.79
11/1/2018,slow mover,10643-24-24,13,10,0,18.79
12/1/2018,slow mover,10643-24-24,13,0,0,18.79
1/1/2019,slow mover,10643-24-24,13,0,0,18.79
2/1/2019,slow mover,10643-24-24,13,0,0,18.79
3/1/2019,slow mover,10643-24-24,13,0,0,18.79
4/1/2019,slow mover,10643-24-24,13,0,0,18.79
5/1/2019,slow mover,10643-24-24,13,1,0,18.79
6/1/2019,slow mover,10643-24-24,13,12,12,19.33
7/1/2019,slow mover,10643-24-24,13,0,0,18.79
8/1/2019,slow mover,10643-24-24,13,12,6,19.33
9/1/2019,slow mover,10643-24-24,13,0,0,18.79
10/1/2019,slow mover,10643-24-24,13,0,0,18.79
11/1/2019,slow mover,10643-24-24,13,0,0,18.79
12/1/2019,slow mover,10643-24-24,13,0,0,18.79
1/1/2020,slow mover,10643-24-24,13,0,0,18.79
2/1/2020,slow mover,10643-24-24,13,6,6,19.33
3/1/2020,slow mover,10643-24-24,13,2,2,16.62
4/1/2020,slow mover,10643-24-24,13,0,0,18.79
5/1/2020,slow mover,10643-24-24,13,0,0,18.79
6/1/2020,slow mover,10643-24-24,13,15,0,18.79
7/1/2020,slow mover,10643-24-24,13,0,0,18.79
8/1/2020,slow mover,10643-24-24,13,16,0,18.79
9/1/2020,slow mover,10643-24-24,13,0,0,18.79
10/1/2020,slow mover,10643-24-24,13,0,0,18.79
11/1/2020,slow mover,10643-24-24,13,6,0,18.79
12/1/2020,slow mover,10643-24-24,13,6,0,18.79
10/1/2018,slow mover,10643-6-6C,6,18,0,
11/1/2018,slow mover,10643-6-6C,6,0,0,
12/1/2018,slow mover,10643-6-6C,6,0,0,
1/1/2019,slow mover,10643-6-6C,6,0,0,
2/1/2019,slow mover,10643-6-6C,6,0,0,
3/1/2019,slow mover,10643-6-6C,6,0,0,
4/1/2019,slow mover,10643-6-6C,6,17,0,
5/1/2019,slow mover,10643-6-6C,6,0,0,
6/1/2019,slow mover,10643-6-6C,6,0,0,
7/1/2019,slow mover,10643-6-6C,6,0,0,
8/1/2019,slow mover,10643-6-6C,6,0,0,
9/1/2019,slow mover,10643-6-6C,6,0,0,
10/1/2019,slow mover,10643-6-6C,6,0,0,
11/1/2019,slow mover,10643-6-6C,6,0,0,
12/1/2019,slow mover,10643-6-6C,6,0,0,
1/1/2020,slow mover,10643-6-6C,6,0,0,
2/1/2020,slow mover,10643-6-6C,6,0,0,
3/1/2020,slow mover,10643-6-6C,6,0,0,
4/1/2020,slow mover,10643-6-6C,6,0,0,
5/1/2020,slow mover,10643-6-6C,6,0,0,
6/1/2020,slow mover,10643-6-6C,6,0,0,
7/1/2020,slow mover,10643-6-6C,6,0,0,
8/1/2020,slow mover,10643-6-6C,6,0,0,
9/1/2020,slow mover,10643-6-6C,6,0,0,
10/1/2020,slow mover,10643-6-6C,6,15,0,
7/1/2015,slow mover,10643-6-6C,10,661,0,
8/1/2015,slow mover,10643-6-6C,10,369,0,
9/1/2015,slow mover,10643-6-6C,10,339,0,
10/1/2015,slow mover,10643-6-6C,10,61,0,
11/1/2015,slow mover,10643-6-6C,10,269,0,
12/1/2015,slow mover,10643-6-6C,10,306,0,
1/1/2016,slow mover,10643-6-6C,10,200,0,
2/1/2016,slow mover,10643-6-6C,10,361,0,
3/1/2016,slow mover,10643-6-6C,10,377,0,
4/1/2016,slow mover,10643-6-6C,10,213,0,
5/1/2016,slow mover,10643-6-6C,10,680,0,
6/1/2016,slow mover,10643-6-6C,10,0,0,
7/1/2016,slow mover,10643-6-6C,10,52,0,
8/1/2016,slow mover,10643-6-6C,10,306,0,
9/1/2016,slow mover,10643-6-6C,10,0,0,
10/1/2016,slow mover,10643-6-6C,10,3,0,
11/1/2016,slow mover,10643-6-6C,10,0,0,
12/1/2016,slow mover,10643-6-6C,10,0,0,
1/1/2017,slow mover,10643-6-6C,10,0,0,
2/1/2017,slow mover,10643-6-6C,10,0,0,
3/1/2017,slow mover,10643-6-6C,10,0,0,
4/1/2017,slow mover,10643-6-6C,10,0,0,
5/1/2017,slow mover,10643-6-6C,10,0,0,
6/1/2017,slow mover,10643-6-6C,10,0,0,
7/1/2017,slow mover,10643-6-6C,10,4,0,
8/1/2017,slow mover,10643-6-6C,10,16,0,
9/1/2017,slow mover,10643-6-6C,10,0,0,
10/1/2017,slow mover,10643-6-6C,10,0,0,
11/1/2017,slow mover,10643-6-6C,10,0,0,
12/1/2017,slow mover,10643-6-6C,10,0,0,
1/1/2018,slow mover,10643-6-6C,10,0,0,
2/1/2018,slow mover,10643-6-6C,10,10,0,
3/1/2018,slow mover,10643-6-6C,10,0,0,
4/1/2018,slow mover,10643-6-6C,10,5,0,
5/1/2018,slow mover,10643-6-6C,10,5,0,
6/1/2018,slow mover,10643-6-6C,10,0,0,
7/1/2018,slow mover,10643-6-6C,10,10,0,
8/1/2018,slow mover,10643-6-6C,10,0,0,
9/1/2018,slow mover,10643-6-6C,10,0,0,
10/1/2018,slow mover,10643-6-6C,10,2,0,
11/1/2018,slow mover,10643-6-6C,10,0,0,
12/1/2018,slow mover,10643-6-6C,10,3,0,
1/1/2019,slow mover,10643-6-6C,10,0,0,
2/1/2019,slow mover,10643-6-6C,10,0,0,
3/1/2019,slow mover,10643-6-6C,10,7,0,
4/1/2019,slow mover,10643-6-6C,10,7,0,
5/1/2019,slow mover,10643-6-6C,10,16,0,
6/1/2019,slow mover,10643-6-6C,10,0,0,
7/1/2019,slow mover,10643-6-6C,10,0,0,
8/1/2019,slow mover,10643-6-6C,10,0,0,
9/1/2019,slow mover,10643-6-6C,10,0,0,
10/1/2019,slow mover,10643-6-6C,10,0,0,
11/1/2019,slow mover,10643-6-6C,10,0,0,
12/1/2019,slow mover,10643-6-6C,10,0,0,
1/1/2020,slow mover,10643-6-6C,10,0,0,
2/1/2020,slow mover,10643-6-6C,10,0,0,
3/1/2020,slow mover,10643-6-6C,10,0,0,
4/1/2020,slow mover,10643-6-6C,10,0,0,
5/1/2020,slow mover,10643-6-6C,10,4,0,
6/1/2020,slow mover,10643-6-6C,10,0,0,
7/1/2020,slow mover,10643-6-6C,10,0,0,
8/1/2020,slow mover,10643-6-6C,10,0,0,
9/1/2020,slow mover,10643-6-6C,10,0,0,
10/1/2020,slow mover,10643-6-6C,10,10,0,
7/1/2015,slow mover,10643-6-6C,28,1597,0,
8/1/2015,slow mover,10643-6-6C,28,1290,0,
9/1/2015,slow mover,10643-6-6C,28,1336,0,
10/1/2015,slow mover,10643-6-6C,28,926,0,
11/1/2015,slow mover,10643-6-6C,28,1222,0,
12/1/2015,slow mover,10643-6-6C,28,1118,0,
1/1/2016,slow mover,10643-6-6C,28,1880,0,
2/1/2016,slow mover,10643-6-6C,28,797,0,
3/1/2016,slow mover,10643-6-6C,28,1322,0,
4/1/2016,slow mover,10643-6-6C,28,486,0,
4/1/2019,slow mover,10643-8-12C,80,1,0,73.63
5/1/2019,slow mover,10643-8-12C,80,0,0,73.63
6/1/2019,slow mover,10643-8-12C,80,0,0,73.63
7/1/2019,slow mover,10643-8-12C,80,0,0,73.63
8/1/2019,slow mover,10643-8-12C,80,0,0,73.63
9/1/2019,slow mover,10643-8-12C,80,0,0,73.63
10/1/2019,slow mover,10643-8-12C,80,0,24,63.94
11/1/2019,slow mover,10643-8-12C,80,0,0,73.63
12/1/2019,slow mover,10643-8-12C,80,0,0,73.63
1/1/2020,slow mover,10643-8-12C,80,0,0,73.63
2/1/2020,slow mover,10643-8-12C,80,2,2,83.32
9/1/2015,slow mover,10670-10-10,8,20,0,
10/1/2015,slow mover,10670-10-10,8,0,0,
11/1/2015,slow mover,10670-10-10,8,0,0,
12/1/2015,slow mover,10670-10-10,8,0,0,
1/1/2016,slow mover,10670-10-10,8,0,0,
2/1/2016,slow mover,10670-10-10,8,0,0,
3/1/2016,slow mover,10670-10-10,8,32,0,
4/1/2016,slow mover,10670-10-10,8,0,0,
5/1/2016,slow mover,10670-10-10,8,0,0,
6/1/2016,slow mover,10670-10-10,8,0,0,
7/1/2016,slow mover,10670-10-10,8,0,0,
8/1/2016,slow mover,10670-10-10,8,0,0,
9/1/2016,slow mover,10670-10-10,8,20,0,
10/1/2016,slow mover,10670-10-10,8,0,0,
11/1/2016,slow mover,10670-10-10,8,0,0,
12/1/2016,slow mover,10670-10-10,8,0,0,
1/1/2017,slow mover,10670-10-10,8,0,0,
2/1/2017,slow mover,10670-10-10,8,0,0,
3/1/2017,slow mover,10670-10-10,8,0,0,
4/1/2017,slow mover,10670-10-10,8,20,0,
5/1/2017,slow mover,10670-10-10,8,0,0,
6/1/2017,slow mover,10670-10-10,8,0,0,
7/1/2017,slow mover,10670-10-10,8,0,0,
8/1/2017,slow mover,10670-10-10,8,0,0,
9/1/2017,slow mover,10670-10-10,8,20,0,
10/1/2017,slow mover,10670-10-10,8,0,0,
11/1/2017,slow mover,10670-10-10,8,0,0,
12/1/2017,slow mover,10670-10-10,8,0,0,
1/1/2018,slow mover,10670-10-10,8,0,0,
2/1/2018,slow mover,10670-10-10,8,0,0,
3/1/2018,slow mover,10670-10-10,8,0,0,
4/1/2018,slow mover,10670-10-10,8,20,0,
7/1/2015,slow mover,10671-10-8,7,35,79,2.98
8/1/2015,slow mover,10671-10-8,7,4,61,2.98
9/1/2015,slow mover,10671-10-8,7,38,59,2.98
10/1/2015,slow mover,10671-10-8,7,25,54,2.98
11/1/2015,slow mover,10671-10-8,7,3,47,2.98
12/1/2015,slow mover,10671-10-8,7,4,78,2.98
1/1/2016,slow mover,10671-10-8,7,8,57,2.98
2/1/2016,slow mover,10671-10-8,7,21,72,2.98
3/1/2016,slow mover,10671-10-8,7,4,33,2.98
4/1/2016,slow mover,10671-10-8,7,12,35,2.98
5/1/2016,slow mover,10671-10-8,7,0,48,2.98
6/1/2016,slow mover,10671-10-8,7,10,72,2.98
7/1/2016,slow mover,10671-10-8,7,21,25,2.98
8/1/2016,slow mover,10671-10-8,7,10,313,2.98
9/1/2016,slow mover,10671-10-8,7,2,28,2.98
10/1/2016,slow mover,10671-10-8,7,3,81,2.98
11/1/2016,slow mover,10671-10-8,7,10,193,2.98
12/1/2016,slow mover,10671-10-8,7,0,32,2.98
1/1/2017,slow mover,10671-10-8,7,0,21,2.98
2/1/2017,slow mover,10671-10-8,7,11,17,2.98
3/1/2017,slow mover,10671-10-8,7,3,25,2.98
4/1/2017,slow mover,10671-10-8,7,0,44,2.98
5/1/2017,slow mover,10671-10-8,7,2,20,2.98
6/1/2017,slow mover,10671-10-8,7,0,85,2.98
7/1/2017,slow mover,10671-10-8,7,0,28,2.98
8/1/2017,slow mover,10671-10-8,7,7,125,2.98
9/1/2017,slow mover,10671-10-8,7,2,39,2.98
10/1/2017,slow mover,10671-10-8,7,0,121,2.98
11/1/2017,slow mover,10671-10-8,7,10,42,2.98
12/1/2017,slow mover,10671-10-8,7,16,47,2.98
1/1/2018,slow mover,10671-10-8,7,0,157,2.98
2/1/2018,slow mover,10671-10-8,7,20,57,2.98
3/1/2018,slow mover,10671-10-8,7,65,67,2.98
4/1/2018,slow mover,10671-10-8,7,10,172,2.98
5/1/2018,slow mover,10671-10-8,7,10,51,2.98
6/1/2018,slow mover,10671-10-8,7,0,61,2.98
7/1/2018,slow mover,10671-10-8,7,0,0,2.98
8/1/2018,slow mover,10671-10-8,7,29,0,2.98
9/1/2018,slow mover,10671-10-8,7,31,0,2.98
10/1/2018,slow mover,10671-10-8,7,0,0,2.98
11/1/2018,slow mover,10671-10-8,7,0,0,2.98
12/1/2018,slow mover,10671-10-8,7,55,50,3.02
1/1/2019,slow mover,10671-10-8,7,123,120,3.02
2/1/2019,slow mover,10671-10-8,7,2,10,3.02
3/1/2019,slow mover,10671-10-8,7,80,40,3.02
4/1/2019,slow mover,10671-10-8,7,97,0,2.98
5/1/2019,slow mover,10671-10-8,7,0,0,2.98
6/1/2019,slow mover,10671-10-8,7,50,75,3.02
7/1/2019,slow mover,10671-10-8,7,35,25,3.02
8/1/2019,slow mover,10671-10-8,7,25,0,2.98
9/1/2019,slow mover,10671-10-8,7,4,100,2.88
10/1/2019,slow mover,10671-10-8,7,50,25,2.88
11/1/2019,slow mover,10671-10-8,7,0,0,2.98
12/1/2019,slow mover,10671-10-8,7,30,40,3.02
1/1/2020,slow mover,10671-10-8,7,25,25,2.88
2/1/2020,slow mover,10671-10-8,7,2,0,2.98
3/1/2020,slow mover,10671-10-8,7,2,0,2.98
9/1/2015,slow mover,10671-20-20-BULK,83,100,180,13.23
10/1/2015,slow mover,10671-20-20-BULK,83,0,120,13.23
11/1/2015,slow mover,10671-20-20-BULK,83,0,78,13.23
12/1/2015,slow mover,10671-20-20-BULK,83,0,134,13.23
1/1/2016,slow mover,10671-20-20-BULK,83,0,116,13.23
2/1/2016,slow mover,10671-20-20-BULK,83,94,81,13.23
3/1/2016,slow mover,10671-20-20-BULK,83,26,50,13.23
4/1/2016,slow mover,10671-20-20-BULK,83,100,59,13.23
5/1/2016,slow mover,10671-20-20-BULK,83,0,109,13.23
6/1/2016,slow mover,10671-20-20-BULK,83,100,94,13.23
7/1/2016,slow mover,10671-20-20-BULK,83,0,70,13.23
8/1/2016,slow mover,10671-20-20-BULK,83,100,134,13.23
9/1/2016,slow mover,10671-20-20-BULK,83,0,59,13.23
10/1/2016,slow mover,10671-20-20-BULK,83,0,91,13.23
11/1/2016,slow mover,10671-20-20-BULK,83,100,312,13.23
12/1/2016,slow mover,10671-20-20-BULK,83,0,32,13.23
1/1/2017,slow mover,10671-20-20-BULK,83,36,53,13.23
2/1/2017,slow mover,10671-20-20-BULK,83,0,29,13.23
3/1/2017,slow mover,10671-20-20-BULK,83,100,62,13.23
4/1/2017,slow mover,10671-20-20-BULK,83,100,65,13.23
5/1/2017,slow mover,10671-20-20-BULK,83,100,61,13.23
6/1/2017,slow mover,10671-20-20-BULK,83,100,134,13.23
7/1/2017,slow mover,10671-20-20-BULK,83,0,48,13.23
8/1/2017,slow mover,10671-20-20-BULK,83,100,75,13.23
9/1/2017,slow mover,10671-20-20-BULK,83,94,72,13.23
10/1/2017,slow mover,10671-20-20-BULK,83,6,246,13.23
11/1/2017,slow mover,10671-20-20-BULK,83,0,112,13.23
12/1/2017,slow mover,10671-20-20-BULK,83,100,95,13.23
1/1/2018,slow mover,10671-20-20-BULK,83,0,265,13.23
2/1/2018,slow mover,10671-20-20-BULK,83,100,77,13.23
3/1/2018,slow mover,10671-20-20-BULK,83,0,60,13.23
4/1/2018,slow mover,10671-20-20-BULK,83,100,174,13.23
5/1/2018,slow mover,10671-20-20-BULK,83,100,95,13.23
6/1/2018,slow mover,10671-20-20-BULK,83,0,44,13.23
7/1/2018,slow mover,10671-20-20-BULK,83,0,0,13.23
8/1/2018,slow mover,10671-20-20-BULK,83,100,100,12.87
9/1/2018,slow mover,10671-20-20-BULK,83,100,100,13.32
10/1/2018,slow mover,10671-20-20-BULK,83,0,0,13.23
11/1/2018,slow mover,10671-20-20-BULK,83,100,100,13.32
12/1/2018,slow mover,10671-20-20-BULK,83,0,0,13.23
1/1/2019,slow mover,10671-20-20-BULK,83,0,0,13.23
2/1/2019,slow mover,10671-20-20-BULK,83,200,200,13.32
3/1/2019,slow mover,10671-20-20-BULK,83,0,0,13.23
4/1/2019,slow mover,10671-20-20-BULK,83,100,100,13.32
9/1/2019,slow mover,10671-20-20C,10,50,0,
10/1/2019,slow mover,10671-20-20C,10,75,0,
11/1/2019,slow mover,10671-20-20C,10,19,0,
12/1/2019,slow mover,10671-20-20C,10,100,0,
1/1/2020,slow mover,10671-20-20C,10,12,0,
2/1/2020,slow mover,10671-20-20C,10,100,0,
3/1/2020,slow mover,10671-20-20C,10,50,0,
4/1/2020,slow mover,10671-20-20C,10,75,0,
5/1/2020,slow mover,10671-20-20C,10,60,0,
6/1/2020,slow mover,10671-20-20C,10,60,0,
7/1/2020,slow mover,10671-20-20C,10,100,0,
8/1/2020,slow mover,10671-20-20C,10,100,0,
9/1/2020,slow mover,10671-20-20C,10,50,0,
10/1/2020,slow mover,10671-20-20C,10,50,0,
11/1/2020,slow mover,10671-20-20C,10,11,0,
12/1/2020,slow mover,10671-20-20C,10,5,0,
1/1/2021,slow mover,10671-20-20C,10,4,0,
1/1/2020,slow mover,10671-20-20C,80,5,0,
2/1/2020,slow mover,10671-20-20C,80,4,0,
3/1/2020,slow mover,10671-20-20C,80,10,0,
4/1/2020,slow mover,10671-20-20C,80,1,0,
5/1/2020,slow mover,10671-20-20C,80,12,0,
6/1/2020,slow mover,10671-20-20C,80,13,0,
7/1/2020,slow mover,10671-20-20C,80,5,0,
8/1/2020,slow mover,10671-20-20C,80,6,0,
9/1/2020,slow mover,10671-20-20C,80,6,0,
10/1/2020,slow mover,10671-20-20C,80,8,0,
11/1/2020,slow mover,10671-20-20C,80,9,0,
12/1/2020,slow mover,10671-20-20C,80,10,0,
1/1/2021,slow mover,10671-20-20C,80,5,0,
10/1/2019,slow mover,10671-24-24,28,83,0,
11/1/2019,slow mover,10671-24-24,28,21,0,
12/1/2019,slow mover,10671-24-24,28,79,0,
1/1/2020,slow mover,10671-24-24,28,20,0,
2/1/2020,slow mover,10671-24-24,28,21,0,
3/1/2020,slow mover,10671-24-24,28,89,0,
4/1/2020,slow mover,10671-24-24,28,15,0,
5/1/2020,slow mover,10671-24-24,28,100,0,
6/1/2020,slow mover,10671-24-24,28,30,0,
7/1/2020,slow mover,10671-24-24,28,26,0,
8/1/2020,slow mover,10671-24-24,28,50,0,
9/1/2020,slow mover,10671-24-24,28,0,0,
10/1/2020,slow mover,10671-24-24,28,98,0,
11/1/2020,slow mover,10671-24-24,28,10,0,
12/1/2020,slow mover,10671-24-24,28,15,0,
1/1/2021,slow mover,10671-24-24,28,20,0,
7/1/2015,slow mover,10671-32-32,6,45,0,
8/1/2015,slow mover,10671-32-32,6,23,0,
9/1/2015,slow mover,10671-32-32,6,20,0,
10/1/2015,slow mover,10671-32-32,6,4,0,
11/1/2015,slow mover,10671-32-32,6,58,0,
12/1/2015,slow mover,10671-32-32,6,0,0,
1/1/2016,slow mover,10671-32-32,6,21,0,
2/1/2016,slow mover,10671-32-32,6,26,0,
3/1/2016,slow mover,10671-32-32,6,3,0,
4/1/2016,slow mover,10671-32-32,6,4,0,
5/1/2016,slow mover,10671-32-32,6,3,0,
6/1/2016,slow mover,10671-32-32,6,21,0,
7/1/2016,slow mover,10671-32-32,6,6,0,
8/1/2016,slow mover,10671-32-32,6,20,0,
9/1/2016,slow mover,10671-32-32,6,20,0,
10/1/2016,slow mover,10671-32-32,6,3,0,
11/1/2016,slow mover,10671-32-32,6,16,0,
12/1/2016,slow mover,10671-32-32,6,2,0,
1/1/2017,slow mover,10671-32-32,6,12,0,
2/1/2017,slow mover,10671-32-32,6,10,0,
3/1/2017,slow mover,10671-32-32,6,28,0,
4/1/2017,slow mover,10671-32-32,6,17,0,
5/1/2017,slow mover,10671-32-32,6,19,0,
6/1/2017,slow mover,10671-32-32,6,13,0,
7/1/2017,slow mover,10671-32-32,6,14,0,
8/1/2017,slow mover,10671-32-32,6,0,0,
9/1/2017,slow mover,10671-32-32,6,4,0,
10/1/2017,slow mover,10671-32-32,6,4,0,
11/1/2017,slow mover,10671-32-32,6,2,0,
12/1/2017,slow mover,10671-32-32,6,2,0,
1/1/2018,slow mover,10671-32-32,6,0,0,
2/1/2018,slow mover,10671-32-32,6,2,0,
3/1/2018,slow mover,10671-32-32,6,2,0,
4/1/2018,slow mover,10671-32-32,6,0,0,
5/1/2018,slow mover,10671-32-32,6,0,0,
6/1/2018,slow mover,10671-32-32,6,0,0,
7/1/2018,slow mover,10671-32-32,6,4,0,
8/1/2018,slow mover,10671-32-32,6,0,0,
9/1/2018,slow mover,10671-32-32,6,3,0,
10/1/2018,slow mover,10671-32-32,6,2,0,
11/1/2018,slow mover,10671-32-32,6,0,0,
12/1/2018,slow mover,10671-32-32,6,0,0,
1/1/2019,slow mover,10671-32-32,6,0,0,
2/1/2019,slow mover,10671-32-32,6,0,0,
3/1/2019,slow mover,10671-32-32,6,0,0,
4/1/2019,slow mover,10671-32-32,6,2,0,
5/1/2019,slow mover,10671-32-32,6,0,0,
6/1/2019,slow mover,10671-32-32,6,0,0,
7/1/2019,slow mover,10671-32-32,6,2,0,
8/1/2019,slow mover,10671-32-32,6,0,0,
9/1/2019,slow mover,10671-32-32,6,7,0,
10/1/2019,slow mover,10671-32-32,6,8,0,
11/1/2019,slow mover,10671-32-32,6,2,0,
12/1/2019,slow mover,10671-32-32,6,0,0,
1/1/2020,slow mover,10671-32-32,6,0,0,
2/1/2020,slow mover,10671-32-32,6,0,0,
3/1/2020,slow mover,10671-32-32,6,2,0,
11/1/2015,slow mover,10671-32-32,28,27,0,
12/1/2015,slow mover,10671-32-32,28,0,0,
1/1/2016,slow mover,10671-32-32,28,0,0,
2/1/2016,slow mover,10671-32-32,28,49,0,
3/1/2016,slow mover,10671-32-32,28,0,0,
4/1/2016,slow mover,10671-32-32,28,0,0,
5/1/2016,slow mover,10671-32-32,28,0,0,
6/1/2016,slow mover,10671-32-32,28,31,0,
7/1/2016,slow mover,10671-32-32,28,0,0,
8/1/2016,slow mover,10671-32-32,28,40,0,
9/1/2016,slow mover,10671-32-32,28,0,0,
10/1/2016,slow mover,10671-32-32,28,0,0,
11/1/2016,slow mover,10671-32-32,28,0,0,
12/1/2016,slow mover,10671-32-32,28,0,0,
1/1/2017,slow mover,10671-32-32,28,0,0,
2/1/2017,slow mover,10671-32-32,28,0,0,
3/1/2017,slow mover,10671-32-32,28,64,0,
4/1/2017,slow mover,10671-32-32,28,28,0,
5/1/2017,slow mover,10671-32-32,28,38,0,
6/1/2017,slow mover,10671-32-32,28,0,0,
7/1/2017,slow mover,10671-32-32,28,0,0,
8/1/2017,slow mover,10671-32-32,28,0,0,
9/1/2017,slow mover,10671-32-32,28,0,0,
10/1/2017,slow mover,10671-32-32,28,0,0,
11/1/2017,slow mover,10671-32-32,28,0,0,
12/1/2017,slow mover,10671-32-32,28,0,0,
1/1/2018,slow mover,10671-32-32,28,0,0,
2/1/2018,slow mover,10671-32-32,28,0,0,
3/1/2018,slow mover,10671-32-32,28,0,0,
4/1/2018,slow mover,10671-32-32,28,0,0,
5/1/2018,slow mover,10671-32-32,28,0,0,
6/1/2018,slow mover,10671-32-32,28,0,0,
7/1/2018,slow mover,10671-32-32,28,0,0,
8/1/2018,slow mover,10671-32-32,28,0,0,
9/1/2018,slow mover,10671-32-32,28,0,0,
10/1/2018,slow mover,10671-32-32,28,0,0,
11/1/2018,slow mover,10671-32-32,28,0,0,
12/1/2018,slow mover,10671-32-32,28,0,0,
1/1/2019,slow mover,10671-32-32,28,0,0,
2/1/2019,slow mover,10671-32-32,28,0,0,
3/1/2019,slow mover,10671-32-32,28,0,0,
4/1/2019,slow mover,10671-32-32,28,94,0,
5/1/2019,slow mover,10671-32-32,28,0,0,
6/1/2019,slow mover,10671-32-32,28,0,0,
7/1/2019,slow mover,10671-32-32,28,0,0,
8/1/2019,slow mover,10671-32-32,28,0,0,
9/1/2019,slow mover,10671-32-32,28,0,0,
10/1/2019,slow mover,10671-32-32,28,0,0,
11/1/2019,slow mover,10671-32-32,28,0,0,
12/1/2019,slow mover,10671-32-32,28,0,0,
1/1/2020,slow mover,10671-32-32,28,0,0,
2/1/2020,slow mover,10671-32-32,28,0,0,
3/1/2020,slow mover,10671-32-32,28,26,0,
4/1/2020,slow mover,10671-32-32,28,0,0,
5/1/2020,slow mover,10671-32-32,28,0,0,
6/1/2020,slow mover,10671-32-32,28,0,0,
7/1/2020,slow mover,10671-32-32,28,32,0,
7/1/2015,slow mover,10671-6-6,7,20,0,2.12
8/1/2015,slow mover,10671-6-6,7,57,0,2.12
9/1/2015,slow mover,10671-6-6,7,10,0,2.12
10/1/2015,slow mover,10671-6-6,7,20,0,2.12
11/1/2015,slow mover,10671-6-6,7,7,0,2.12
12/1/2015,slow mover,10671-6-6,7,72,0,2.12
1/1/2016,slow mover,10671-6-6,7,22,0,2.12
2/1/2016,slow mover,10671-6-6,7,10,0,2.12
3/1/2016,slow mover,10671-6-6,7,30,0,2.12
4/1/2016,slow mover,10671-6-6,7,12,0,2.12
5/1/2016,slow mover,10671-6-6,7,0,0,2.12
6/1/2016,slow mover,10671-6-6,7,12,0,2.12
7/1/2016,slow mover,10671-6-6,7,0,0,2.12
8/1/2016,slow mover,10671-6-6,7,20,0,2.12
9/1/2016,slow mover,10671-6-6,7,0,0,2.12
10/1/2016,slow mover,10671-6-6,7,10,0,2.12
11/1/2016,slow mover,10671-6-6,7,0,0,2.12
12/1/2016,slow mover,10671-6-6,7,7,0,2.12
1/1/2017,slow mover,10671-6-6,7,3,0,2.12
2/1/2017,slow mover,10671-6-6,7,5,0,2.12
3/1/2017,slow mover,10671-6-6,7,0,0,2.12
4/1/2017,slow mover,10671-6-6,7,20,0,2.12
5/1/2017,slow mover,10671-6-6,7,25,0,2.12
6/1/2017,slow mover,10671-6-6,7,150,0,2.12
7/1/2017,slow mover,10671-6-6,7,12,0,2.12
8/1/2017,slow mover,10671-6-6,7,60,0,2.12
9/1/2017,slow mover,10671-6-6,7,20,0,2.12
10/1/2017,slow mover,10671-6-6,7,42,0,2.12
11/1/2017,slow mover,10671-6-6,7,0,0,2.12
12/1/2017,slow mover,10671-6-6,7,48,0,2.12
1/1/2018,slow mover,10671-6-6,7,0,0,2.12
2/1/2018,slow mover,10671-6-6,7,12,0,2.12
3/1/2018,slow mover,10671-6-6,7,4,0,2.12
4/1/2018,slow mover,10671-6-6,7,10,0,2.12
5/1/2018,slow mover,10671-6-6,7,30,0,2.12
6/1/2018,slow mover,10671-6-6,7,30,0,2.12
7/1/2018,slow mover,10671-6-6,7,29,0,2.12
8/1/2018,slow mover,10671-6-6,7,40,0,2.12
9/1/2018,slow mover,10671-6-6,7,10,0,2.12
10/1/2018,slow mover,10671-6-6,7,0,0,2.12
11/1/2018,slow mover,10671-6-6,7,30,0,2.12
12/1/2018,slow mover,10671-6-6,7,9,0,2.12
1/1/2019,slow mover,10671-6-6,7,30,0,2.12
2/1/2019,slow mover,10671-6-6,7,5,70,2.03
3/1/2019,slow mover,10671-6-6,7,50,70,2.03
4/1/2019,slow mover,10671-6-6,7,65,20,2.03
5/1/2019,slow mover,10671-6-6,7,55,30,2.03
6/1/2019,slow mover,10671-6-6,7,52,50,2.03
7/1/2019,slow mover,10671-6-6,7,35,25,2.03
8/1/2019,slow mover,10671-6-6,7,0,0,2.12
9/1/2019,slow mover,10671-6-6,7,25,25,2.31
10/1/2019,slow mover,10671-6-6,7,0,50,2.31
11/1/2019,slow mover,10671-6-6,7,0,0,2.12
12/1/2019,slow mover,10671-6-6,7,0,0,2.12
1/1/2020,slow mover,10671-6-6,7,90,50,2.31
2/1/2020,slow mover,10671-6-6,7,0,0,2.12
3/1/2020,slow mover,10671-6-6,7,8,0,2.12
4/1/2020,slow mover,10671-6-6,7,0,0,2.12
5/1/2020,slow mover,10671-6-6,7,0,0,2.12
6/1/2020,slow mover,10671-6-6,7,25,0,2.12
12/1/2019,slow mover,10677-10-10,28,8,0,
1/1/2020,slow mover,10677-10-10,28,180,0,
2/1/2020,slow mover,10677-10-10,28,172,0,
3/1/2020,slow mover,10677-10-10,28,27,0,
4/1/2020,slow mover,10677-10-10,28,217,0,
5/1/2020,slow mover,10677-10-10,28,52,0,
6/1/2020,slow mover,10677-10-10,28,72,0,
7/1/2020,slow mover,10677-10-10,28,0,0,
8/1/2020,slow mover,10677-10-10,28,0,0,
9/1/2020,slow mover,10677-10-10,28,15,0,
10/1/2020,slow mover,10677-10-10,28,180,0,
11/1/2020,slow mover,10677-10-10,28,0,0,
12/1/2020,slow mover,10677-10-10,28,0,0,
1/1/2021,slow mover,10677-10-10,28,191,0,
