month,year,uni_month,Date,day
1,2015,1,1/1/2015,1
2,2015,2,2/1/2015,1
3,2015,3,3/1/2015,1
4,2015,4,4/1/2015,1
5,2015,5,5/1/2015,1
6,2015,6,6/1/2015,1
7,2015,7,7/1/2015,1
8,2015,8,8/1/2015,1
9,2015,9,9/1/2015,1
10,2015,10,10/1/2015,1
11,2015,11,11/1/2015,1
12,2015,12,12/1/2015,1
1,2016,13,1/1/2016,1
2,2016,14,2/1/2016,1
3,2016,15,3/1/2016,1
4,2016,16,4/1/2016,1
5,2016,17,5/1/2016,1
6,2016,18,6/1/2016,1
7,2016,19,7/1/2016,1
8,2016,20,8/1/2016,1
9,2016,21,9/1/2016,1
10,2016,22,10/1/2016,1
11,2016,23,11/1/2016,1
12,2016,24,12/1/2016,1
1,2017,25,1/1/2017,1
2,2017,26,2/1/2017,1
3,2017,27,3/1/2017,1
4,2017,28,4/1/2017,1
5,2017,29,5/1/2017,1
6,2017,30,6/1/2017,1
7,2017,31,7/1/2017,1
8,2017,32,8/1/2017,1
9,2017,33,9/1/2017,1
10,2017,34,10/1/2017,1
11,2017,35,11/1/2017,1
12,2017,36,12/1/2017,1
1,2018,37,1/1/2018,1
2,2018,38,2/1/2018,1
3,2018,39,3/1/2018,1
4,2018,40,4/1/2018,1
5,2018,41,5/1/2018,1
6,2018,42,6/1/2018,1
7,2018,43,7/1/2018,1
8,2018,44,8/1/2018,1
9,2018,45,9/1/2018,1
10,2018,46,10/1/2018,1
11,2018,47,11/1/2018,1
12,2018,48,12/1/2018,1
1,2019,49,1/1/2019,1
2,2019,50,2/1/2019,1
3,2019,51,3/1/2019,1
4,2019,52,4/1/2019,1
5,2019,53,5/1/2019,1
6,2019,54,6/1/2019,1
7,2019,55,7/1/2019,1
8,2019,56,8/1/2019,1
9,2019,57,9/1/2019,1
10,2019,58,10/1/2019,1
11,2019,59,11/1/2019,1
12,2019,60,12/1/2019,1
1,2020,61,1/1/2020,1
2,2020,62,2/1/2020,1
3,2020,63,3/1/2020,1
4,2020,64,4/1/2020,1
5,2020,65,5/1/2020,1
6,2020,66,6/1/2020,1
7,2020,67,7/1/2020,1
8,2020,68,8/1/2020,1
9,2020,69,9/1/2020,1
10,2020,70,10/1/2020,1
11,2020,71,11/1/2020,1
12,2020,72,12/1/2020,1
1,2021,73,1/1/2021,1
2,2021,74,2/1/2021,1
3,2021,75,3/1/2021,1
4,2021,76,4/1/2021,1
5,2021,77,5/1/2021,1
6,2021,78,6/1/2021,1
7,2021,79,7/1/2021,1
8,2021,80,8/1/2021,1
9,2021,81,9/1/2021,1
10,2021,82,10/1/2021,1
11,2021,83,11/1/2021,1
12,2021,84,12/1/2021,1
1,2022,85,1/1/2022,1
2,2022,86,2/1/2022,1
3,2022,87,3/1/2022,1
4,2022,88,4/1/2022,1
5,2022,89,5/1/2022,1
6,2022,90,6/1/2022,1
7,2022,91,7/1/2022,1
8,2022,92,8/1/2022,1
9,2022,93,9/1/2022,1
10,2022,94,10/1/2022,1
11,2022,95,11/1/2022,1
12,2022,96,12/1/2022,1
1,2023,97,1/1/2023,1
2,2023,98,2/1/2023,1
3,2023,99,3/1/2023,1
4,2023,100,4/1/2023,1
5,2023,101,5/1/2023,1
6,2023,102,6/1/2023,1
7,2023,103,7/1/2023,1
8,2023,104,8/1/2023,1
9,2023,105,9/1/2023,1
10,2023,106,10/1/2023,1
11,2023,107,11/1/2023,1
12,2023,108,12/1/2023,1
