Date,Geography,Heavy Trucks - Class 8,Heavy Trucks - Class 5-7,Automotive,Zinc,Heating Oil Spot,Baltic Dry Index,Iron Ore,Soybeans,Copper Warehouse Stock Vol.,Industrial Metals Spot Price,Corn,Brent Spot,Steel,Copper,Agricultural Spot Price Index,U.S. NatGas Spot,WTI Spot,Nickel Warehouse Stock Vol.,Nickel,Zinc Warehouse Stock Vol.,Wheat,Grains,U.S. Gasoline Spot,Industrial Production,Business Confidence,Consumer Confidence,Equity Markets,Exports,Housing Starts,Retail Sales,Unemployment Rates,GDP,Aerospace,Agriculture Machinery,HVAC,Industrial Machinery,Machine Tools,Medical Equipment,Mining & Construction Machinery,Oil/Gas Extraction,Power Gen,Purchasing Managers,Producer Price,Semiconductors/Electronics
1/1/2009,North America,,,832031,1858.26087,375.6718182,8341,60.8,13.9975,128015.2174,438.52,5.36,134.2736364,5104.545455,8409.804348,435.6602591,11.0634091,133.4440909,45296.6087,20132.71739,152415.2174,524.52,522.45,301.59,-0.019744,99.2855081,51.9431542,1257.327044,118.309,923,336.771,0.058,,98.3282,73.5762,109.8076,106.9772,103.8956,99.1773,88.68597,82.7269,81.4348,50,109.345688,373333333
2/1/2009,North America,,,1044161,1733.9,317.071,6809,60.8,13.235,156007.5,409.51,5.35,114.9528571,4664.285714,7650.175,410.5673333,8.25,116.6971429,45666.6,18987.625,163347.5,537.04,520.01,305.42,-0.035239,98.8748893,58.4756529,1281.47253,116.219,844,334.045,0.061,,93.8487,76.5963,109.2694,109.4555,102.6292,102.2075,89.292,80.7915,90.1521,49.2,108.857215,373333333
3/1/2009,North America,,,1094176,1741.272727,290.7609524,3217,60.8,9.8,198485.2273,354.36,4.4,100.0557143,3136.190476,6990.909091,379.835925,7.6695238,103.8957143,51425.18182,17865.56818,158079.5455,455.71,431.74,265.02,-0.0758,98.0468709,61.3729842,1217.008509,107.172,820,328.343,0.061,,73.7893,71.2859,100.9757,106.3362,100.6755,100.7243,89.788335,67.6049,90.112,44.8,109.073431,373333333
4/1/2009,North America,,,1132414,1301.652174,222.4395652,851,60.8,8.9675,210226.087,260.63,3.6,72.5191304,1880,4892.565217,299.3621739,6.7308696,76.6,56058.78261,12164.13043,168333.6957,360.81,355.75,142.97,-0.064046,97.1441096,38.8289815,968.8013881,105.006,777,314.83,0.065,,69.8656,71.6088,103.2804,103.2371,97.4121,99.271,82.452905,76.6656,92.612,38.9,107.219506,470000000
5/1/2009,North America,,,854260,1165.4,185.8022222,715,60.8,8.61,270758.75,228.95,3.19,53.903,923.6842105,3753.05,285.5345789,6.6861111,57.2836842,60043.2,10809.5,184842.5,375.37,346.16,115.61,-0.080572,96.4304166,44.6510425,883.0409938,97.819,652,301.332,0.068,,78.0958,72.7194,95.0522,101.6902,93.9742,98.954,81.6628,80.1701,91.345,36.5,104.022381,470000000
6/1/2009,North America,,,703310,1113.869048,139.87,774,69.98,9.5975,313745.2381,204.91,3.73,40.8768182,1712.272727,3109.190476,279.7907455,5.8307143,41.0213636,70401.42857,9844.880952,226053.5714,408.13,381.03,104.33,-0.106181,96.0280881,38.6229545,877.5620408,87.992,560,294.025,0.073,,88.2136,75.9843,86.6766,98.2376,88.3284,99.0658,73.083845,79.8841,77.9365,33.1,101.89985,470000000
7/1/2009,North America,,,423236,1194.690476,146.4315,1070,72.51,9.675,399367.8571,195.1,3.53,44.1525,1830,3237.976191,303.6369,5.23,41.7385,79921.42857,11467.97619,281501.1905,381.29,361.19,131.17,-0.125049,96.0649328,37.3831205,865.5752478,82.415,490,298.673,0.078,-3.2708422,87.7542,69.2614,85.1055,91.6832,84.8143,98.7704,72.908535,81.4458,76.0506,34.9,102.292464,373333333
8/1/2009,North America,,,590315,1116.45,127.7794737,1986,75.59,8.695,522243.75,199.22,3.4,43.7305263,1766.842105,3328.575,289.3404211,4.515,39.1610526,90205.2,10458.875,352390,350.98,333.08,128.5,-0.129954,96.2790708,25.3026513,805.2270114,84.903,582,297.631,0.083,-3.2708422,89.5456,68.4939,89.3785,87.1897,80.2827,96.864,71.01944,81.8614,74.8568,35.5,102.398995,373333333
9/1/2009,North America,,,685025,1221.454546,128.3022727,1615,64.07,9.445,508198.8636,220.69,3.82,46.7663636,1577.272727,3770.75,285.0399091,3.9392857,47.98,101489.4545,9706.25,347170.4545,358.68,357.82,131.25,-0.141503,96.6536921,26.9014156,757.1268634,83.5,505,292.3,0.087,-3.2708422,89.7154,68.4771,86.2,79.6924,74.1683,96.5746,64.875025,81.4975,68.7872,36,101.623783,373333333
10/1/2009,North America,,,666456,1386.5,135.947619,1786,59.78,10.64,466917.5,241.6,3.8,50.2990476,1500,4433.925,299.6640476,3.4966667,49.7947619,107305.5,11257.125,344765,362.03,367.79,139.4,-0.143489,97.2239073,40.8092939,848.1516809,81.088,478,293.614,0.09,-4.0508644,87.7763,68.2278,87.6053,74.887,69.8792,96.8453,62.54291,81.9448,65.9076,39.5,101.8893,230000000
11/1/2009,North America,,,535705,1487.289474,147.8665,3494,62.69,11.89,359664.4737,256.68,4.15,57.1885,1792.5,4584.526316,331.233675,3.83025,59.1615,111071.3684,12652.5,323011.8421,429.18,416.73,185.13,-0.146965,97.8490386,54.8057873,902.408213,83.369,540,296.501,0.094,-4.0508644,85.8035,66.8065,95.2359,72.1112,65.7709,96.919,55.99067,82.6669,65.5739,41.7,102.005863,230000000
12/1/2009,North America,,,574355,1553.545455,174.7245455,3757,71.66,12.3075,287514.7727,273.8,3.37,68.9963636,1850,5014.931818,331.1523182,3.8086364,69.6818182,108695.7273,14913.40909,334017.0455,363.86,346.4,182.15,-0.149305,98.4819104,49.3240623,926.1151662,85.737,585,302.169,0.095,-4.0508644,84.6821,64.6979,80.3777,74.6097,63.9705,95.3091,57.211655,82.5726,62.8498,45.8,103.582904,230000000
1/1/2010,North America,,,581905,1580.804348,161.5347368,3350,83.95,11.29,267876.087,316.08,3.33,64.8468182,2300,5227.782609,296.0999545,3.3847727,64.0940909,108312,15972.17391,358351.087,354.64,337.96,192.89,-0.136426,99.131371,47.3716037,935.8209776,87.833,594,302.802,0.095,-3.1996084,85.1505,66.4557,82.8105,76.7439,62.5746,95.9692,53.5277,84.2547,62.7159,49.9,102.125605,243333333
2/1/2010,North America,,,815755,1820.2,186.5938095,2421,97.67,10.49,291835,340.7,3.16,72.8161905,2442.857143,6163.35,308.6241905,3.1478571,71.0552381,108336,19379.875,431386.25,334.03,326.29,178.62,-0.116081,99.6701608,54.4788468,1009.724883,87.767,586,309.023,0.096,-3.1996084,85.4333,61.9549,88.4589,79.4577,63.2446,98.9435,61.16023,84.4545,61.2803,53.5,103.585879,243333333
3/1/2010,North America,,,957133,1882.795455,173.0509524,2220,80.71,9.195,323845.4545,333.48,3.28,67.8161905,2578.571429,6198.931818,300.7911905,3.0111905,69.4633333,117760.0909,17428.52273,436159.0909,306.27,315.01,173.09,-0.072785,99.9829818,53.4254407,1044.552043,91.673,585,301.033,0.098,-3.1996084,87.7502,64.5426,86.3681,82.7342,65.2408,98.5186,53.54957,84.9795,65.0531,54.4,103.341904,243333333
4/1/2010,North America,,,1012759,2069.386364,193.345,3103,86.79,9.705,356635.2273,345.44,3.43,72.8418182,2435.681818,6303.954546,320.2347273,4.0231818,75.8236364,122763.5455,18503.63636,430462.5,329.13,335.63,193.7,-0.077506,100.2042495,48.6712603,1067.664107,94.829,534,304.154,0.1,-0.0666306,87.6843,66.5286,86.5605,82.7835,67.2091,98.6688,59.62023,84.327,65.0548,56,104.081609,286666667
5/1/2010,North America,,,911200,2199.238095,198.7457895,3887,99.26,10.405,406521.4286,363.8,3.73,76.7665,2160,6688.285714,338.96005,3.6975,77.93,132131.1429,16958.21429,438266.6667,389.91,384.03,194.9,-0.060335,100.3213218,50.6407609,1088.068348,94.635,588,306.675,0.099,-0.0666306,87.6013,61.6812,90.6416,84.5671,69.0916,100.9316,49.76052,83.0599,68.1939,54.4,105.399844,286666667
6/1/2010,North America,,,828908,2387.238636,197.2186364,3005,105.25,10.1725,469390.9091,391.81,3.74,74.4363636,2522.727273,6976.045455,345.9770909,5.3178571,74.4231818,147261,17210,462820.4545,359.44,369.69,201.69,-0.030329,100.5408844,53.6232339,1110.377842,98.293,581,308.413,0.099,-0.0666306,87.9397,61.7085,87.6976,86.9726,69.9525,99.7117,60.188835,82.8883,72.2659,55.3,105.582869,286666667
7/1/2010,North America,,,871228,2425,205.1445,2848,125.91,8.965,523467.5,357.9,3.24,76.3445,2976.31579,7378.575,343.8782105,5.807,78.3715,161085,18444.875,490803.75,316.54,322.08,186.97,0.005134,100.8570643,56.45359,1123.581457,98.302,614,308.529,0.098,1.888583,89.6994,64.4786,87.7596,87.7707,72.2882,99.6558,63.377955,83.2189,72.1274,57.6,106.417091,303333333
8/1/2010,North America,,,928382,2156.825,197.5242105,2738,127.62,9.385,547176.25,379.31,3.57,73.593,3050,6854.325,328.6426842,5.3247368,76.4226316,164560.5,19006.125,516443.75,345.4,348.21,205.17,0.016786,101.0837186,46.4249461,1089.161827,99.555,604,308.52,0.098,1.888583,89.0413,68.0934,86.403,88.4635,72.6766,98.2609,62.77845,84.4161,71.5138,56.1,105.945726,303333333
9/1/2010,North America,,,1097484,2279.23913,208.4730435,2998,139.77,9.26,530610.8696,413.02,3.21,79.076087,3528.26087,7473.065217,310.9430435,4.2923913,81.2421739,158894.6087,22446.63043,540753.2609,300.73,314.5,218.47,0.041497,101.2728218,52.2928015,1152.04912,103.53,636,316.269,0.099,1.888583,90.2087,67.166,84.7396,88.5131,74.4251,99.0733,64.60477,84.328,70.2796,58.9,106.456795,303333333
10/1/2010,North America,,,969381,2375,221.0215,3354,172.47,9.77,508242.5,402.53,3.51,84.8933333,3600,7747.975,304.2441364,4.034,84.48,150868.5,26060.25,545245,335.68,343.31,228.39,0.053492,101.2149717,57.7353522,2761.975744,102.397,687,318.612,0.099,3.091278,90.2515,70.2513,89.3424,91.8843,76.4136,100.013,72.239875,83.9025,69.3413,58.3,106.419333,410000000
11/1/2010,North America,,,1011099,1973.342105,203.7755,4078,161.35,9.2775,484700,361.33,3.31,76.5075,3387.5,6841.526316,299.5941,4.1475,73.836,141546,21978.94737,579930.2632,306.9,321.17,190.16,0.078343,100.9428784,62.6603227,1125.063677,105.517,583,315.356,0.096,3.091278,90.1002,70.2592,96.4843,95.4623,79.6631,100.7623,74.80907,84.2125,70.5406,58.3,106.632343,410000000
12/1/2010,North America,,,1109188,1746.659091,203.4368182,2406,143.63,9.41,462505.6818,341.92,3.29,74.9690909,3350,6485.727273,294.8248182,4.8081818,75.3490909,131471.4545,19397.95455,617288.6364,320.99,324.84,197.04,0.083996,100.621313,54.3136656,1083.360211,104.494,536,315.25,0.094,3.091278,90.2866,80.36,90.549,96.0423,81.8499,98.6233,72.324625,84.6624,73.4401,56,106.07413,410000000
1/1/2011,North America,,,807741,1845.909091,198.259,1967,126.36,10.3,427790.9091,380.48,3.62,75.6827273,3050,6750.25,325.8120952,4.6265909,76.1772727,119343.5455,19512.95455,618070.4545,441.19,391.47,202.49,0.076642,100.4414238,51.0251372,1079.802634,107.246,546,315.546,0.094,3.3137615,91.5603,75.3513,93.3309,97.7897,83.896,99.8211,69.2512,85.0981,76.2294,55.7,105.810651,510000000
2/1/2011,North America,,,1098319,2047.285714,202.2413636,2713,145.34,9.85,406580.9524,377.38,3.9,77.9504545,3259.090909,7287.904762,368.2991818,4.305,76.8231818,117252.2857,21436.66667,619473.8095,457.72,413.44,186.37,0.070156,100.4176113,53.1782177,1087.28277,107.428,599,317.345,0.095,3.3137615,92.2243,66.5599,91.7157,100.364,86.4166,99.4062,73.823525,86.4868,75.5719,57.2,106.539315,510000000
3/1/2011,North America,,,1075039,2159.181818,209.4828571,2446,140.63,10.6925,387136.3636,416.03,4.63,78.4418182,3471.428571,7738.545455,401.7654286,3.902,75.3057143,120064.9091,22718.29545,619677.2727,451.76,437.85,202.36,0.062107,100.525442,48.6103433,1122.082246,107.734,594,319.914,0.095,3.3137615,90.9903,67.4769,90.3372,103.6688,87.9826,99.1787,75.708975,88.113,74.3981,56.5,107.032536,510000000
4/1/2011,North America,,,1113079,2374.309524,224.0452632,2678,148.48,11.86,370995.2381,424.36,5.57,83.6295238,3242.857143,8301.154762,430.6357143,3.4315238,81.902381,124749.1429,23831.19048,610922.619,482.68,489.4,200.44,0.057415,100.7464486,49.9152652,1171.583193,112.73,543,324.043,0.094,2.7397232,89.7964,68.2925,92.4952,107.4006,89.2831,99.8937,78.270035,87.7041,74.8353,57.9,108.340465,696666667
5/1/2011,North America,,,1003148,2286.659091,231.765,2099,160.55,12.28,361830.6818,418.04,5.1,85.7347619,3380.952381,8467.886364,455.0928571,3.7325,84.0933333,130027.3636,22904.54545,632419.3182,465.03,470.79,214.56,0.052591,100.9812869,57.8239692,1198.88831,113.521,545,327.635,0.098,2.7397232,89.4662,69.2274,93.6081,109.7895,89.6224,100.545,79.75462,87.2094,75.316,57.6,108.907427,696666667
6/1/2011,North America,,,856525,2283.166667,246.352381,1773,168.53,13.5,359344.0476,470.13,5.86,92.1368182,3806.818182,9137.52381,489.0631818,4.2370952,89.2227273,132821.7143,24079.28571,669851.1905,534.2,539.91,238.73,0.06109,101.164531,63.4016434,1241.525182,116.039,539,329.741,0.093,2.7397232,88.7557,72.9827,94.8878,111.7308,90.5559,99.3799,81.41695,87.8964,75.7426,57.3,109.792931,696666667
7/1/2011,North America,,,1004778,2371.975,260.35,1107,179.63,13.905,383035,479.52,6.32,97.4533333,4290,9543.725,515.8045,4.4934,89.423,136105.5,25652.5,708361.25,568.21,564.22,240.26,0.046976,101.3026746,64.7913611,1282.618646,117.337,630,332.14,0.091,2.1468718,87.3972,73.6197,98.392,116.3513,90.9754,99.952,86.545995,86.6986,78.1648,59.6,110.455266,916666667
8/1/2011,North America,,,1066168,2473.375,276.6338889,1251,187.18,13.3725,403125,491.59,6.98,103.0245,4273.684211,9883.125,548.2836842,4.0871053,89.5831579,131219.4,28348.5,709197.5,553.86,577.71,273.02,0.038267,101.3538489,72.0233089,1321.118865,115.705,517,334.674,0.09,2.1468718,86.4111,72.1255,97.1821,115.501,93.1014,99.6488,86.052575,84.2268,77.7214,60,111.813839,916666667
9/1/2011,North America,,,1309873,2345.673913,303.393913,1530,169.36,13.9275,430136.9565,477.7,6.7,114.0708696,4250,9508.5,529.72,3.9713478,102.9356522,126765.6522,26753.15217,730506.5217,524.25,557.86,299.77,0.04043,101.257581,63.8245295,1304.486608,122.617,600,337.935,0.09,2.1468718,86.6554,67.0739,95.86,113.4927,92.1038,99.0375,85.389775,88.1958,81.1994,59.4,112.695725,916666667
10/1/2011,North America,,,942617,2371.777778,319.564,1269,179.26,13.8775,449500,479.45,7.31,123.115,4250,9495.388889,537.819,4.238,110.0405,120659.6667,26356.11111,765661.1111,544.06,584.85,333.14,0.034795,101.0095445,66.0193211,1331.505087,124.393,554,340.149,0.091,1.8985678,86.8648,69.3633,92.513,108.1253,95.2611,100.3698,84.953815,88.3436,83.7534,59.1,113.618826,736666667
11/1/2011,North America,,,1058435,2161.075,295.1428571,1480,177.09,13.785,467593.75,466.71,7.37,115.092381,4097.619048,8929.5,508.902381,4.3036667,101.3328571,114988.8,24153.125,838838.75,534.52,576.57,290.53,0.021453,100.6109144,61.7427953,1338.311426,123.588,561,339.232,0.09,1.8985678,87.7,70.3798,90.2955,109.0664,95.8942,99.766,87.39276,89.1945,85.6906,53.7,114.170511,736666667
12/1/2011,North America,,,1122595,2232.613636,296.5090909,1413,170.88,13.1625,473014.7727,466.15,6.32,113.9331818,4204.545455,9064.454546,494.3390909,4.5489545,96.2886364,111889.0909,22424.31818,865031.8182,419.02,491.56,284.92,0.02353,100.358379,57.6189459,1287.287963,121.316,608,341.657,0.091,1.8985678,88.2238,73.0716,93.8023,110.0015,96.786,100.2087,85.63571,89.8435,87.1791,56.6,113.707989,736666667
1/1/2012,North America,,,801951,2395.785714,306.9175,1264,172.98,13.4775,465354.7619,484.57,6.97,116.5485,4200,9643.571429,478.0065,4.41755,97.28,103529.1429,23828.33333,882577.381,457.86,518.11,296.69,0.026121,100.0884506,59.2279393,1325.184316,125.104,623,341.274,0.09,1.3892111,90.0713,83.244,96.5428,110.4281,97.3996,99.2641,86.06365,88.8788,88.4301,52.5,113.718724,703333333
2/1/2012,North America,,,1213034,2202.522727,294.273913,1619,177.45,14.3,464335.2273,454.26,7.56,110.1178261,4200,9022.022727,498.8956522,4.053913,86.3343478,103398.5455,22023.97727,876264.7727,537.93,591.74,291.66,0.029074,99.9127157,45.1816923,1185.3054,125.12,585,342.228,0.09,1.3892111,90.9355,80.3598,93.9988,110.03,98.7995,99.027,89.49757,90.9771,88.065,52.3,113.797538,703333333
3/1/2012,North America,,,1167225,2080.340909,291.992381,1899,177.23,11.385,466507.9545,363.58,5.71,110.7509524,4200,8302.704546,479.15,3.8917143,85.61,98999.45455,20428.29545,838132.9545,415.92,461.88,254.31,0.028054,99.7951728,46.3685145,1173.878573,127.409,650,345.696,0.09,1.3892111,91.8274,77.3088,95.6101,108.4319,97.0583,98.6748,91.325105,89.8845,90.6811,52.7,114.773939,703333333
4/1/2012,North America,,,1249418,1866.214286,295.0014286,1965,150.43,11.875,453178.5714,397.08,6.35,108.53,4114.285714,7380.333333,441.682381,3.568,86.4119048,90913.42857,19039.04762,797894.0476,428.77,488.17,258.32,0.035871,99.706979,40.8676303,1207.21594,127.268,610,347.717,0.088,1.9103626,93.4309,80.0659,91.54,107.5579,95.5395,98.6659,93.37473,92.7599,96.5323,51.5,114.901488,730000000
5/1/2012,North America,,,1168529,1932.363636,305.2438095,1846,135.54,11.1875,404737.5,386.3,5.92,110.757619,3885.714286,7586.5,431.7919048,3.2476667,97.1909524,85716.81818,17921.93182,754019.3182,413.2,461.63,250.09,0.035027,99.7230053,55.1728022,1226.414627,125.713,711,349.352,0.086,1.9103626,94.6633,87.6593,87.313,105.0004,98.1853,96.9804,95.39644,94.2784,95.7793,51.9,115.216791,730000000
6/1/2012,North America,,,1021231,1911.357143,288.7457143,1738,136.45,11.885,379858.3333,371.64,6.33,108.0980952,3850,7567,415.267619,3.1655238,98.5138095,89886.85714,18197.85714,777946.4286,441.03,491.95,262.06,0.030318,99.8371915,64.7573577,1243.323557,126.937,694,349.973,0.085,1.9103626,94.2716,92.8725,94.162,104.4989,100.3599,96.6044,99.59746,94.7147,102.6032,52.9,114.853563,730000000
7/1/2012,North America,,,1219078,1983.02381,304.8435,680,141.8,11.94,353063.0952,410.13,6.34,111.53,4212.5,8054,430.726,2.6691,100.236,92281.42857,19849.40476,832622.619,447.83,491.32,288.09,0.036413,99.9675075,61.5108606,1300.577657,125.888,723,352.61,0.083,2.7099293,95.062,93.5913,95.4914,104.134,100.2347,98.4465,100.691975,96.7269,104.4813,53.3,115.123472,760000000
8/1/2012,North America,,,1323839,2059.428571,319.411,750,141.4,13.13,311853.5714,415.86,6.53,118.2855,4175,8440.380952,437.1115,2.5114,102.25,96122.57143,20456.07143,849398.8095,447.87,508.37,302.72,0.04122,100.072631,71.6220304,1352.487096,127.27,704,357.233,0.083,2.7099293,97.5255,91.5417,99.8263,103.5388,99.3216,98.3368,99.22828,96.474,106.5223,53.4,115.685559,760000000
9/1/2012,North America,,,1421577,2034,321.4581818,934,145.1,13.97,268577.2727,397.81,6.39,124.5040909,4150,8465.068182,439.89,2.1615455,106.1909091,98047.63636,18665.45455,877295.4545,442.54,509.09,319.44,0.027288,100.1265695,69.4500934,1389.239413,130.489,695,358.862,0.082,2.7099293,97.5735,94.2695,98.5849,105.2038,100.1694,98.1516,102.27223,97.2656,109.3133,53.6,115.793349,760000000
10/1/2012,North America,,,1257053,2002.052632,314.719,1155,145.1,14.97,259857.8947,399.21,6.51,120.657,4090,8285.184211,431.427,1.9495,103.3265,100122.9474,17963.81579,906151.3158,434.23,511.79,295.46,0.037631,100.0974874,68.7007474,1386.429823,129.049,753,356.55,0.082,2.5077061,97.6543,96.4947,100.4395,104.2284,99.3699,99.1443,102.059935,97.0736,110.3979,54,115.608623,653333333
11/1/2012,North America,,,1363390,1926.159091,291.2331818,923,131.8,13.335,225168.1818,360.88,5.76,111.5277273,4050,7904.840909,415.0686364,2.4298182,94.7018182,105595.0909,17002.04545,936580.6818,429.07,469.05,260.77,0.038099,99.9147549,64.3663513,1341.272729,129.328,708,356.05,0.082,2.5077061,98.8064,101.5459,98.4307,104.2002,99.2515,99.3699,102.46017,98.2105,106.9997,53.1,115.076307,653333333
12/1/2012,North America,,,1366050,1856.631579,262.0128571,1004,135.1,15.0775,245505.2632,362.74,6.66,96.4257143,3968.571429,7427.157895,404.5604762,2.4587143,82.4052381,104171.0526,16549.21053,967860.5263,500.98,528.95,251.43,0.033969,99.6449436,62.6867413,1323.483974,129.422,757,352.556,0.082,2.5077061,99.4749,105.2198,99.0919,104.4466,100.1058,98.8134,107.010655,98.378,109.3391,51.1,114.443627,653333333
1/1/2013,North America,,,1020999,1849.840909,282.0047619,897,119.2,17.205,252345.4545,357.03,8.18,102.1613636,3100.476191,7586.590909,497.0009524,2.9552857,87.9314286,108061.6364,16178.40909,997560.2273,588.46,640.54,273.43,0.030588,99.4856705,65.3737838,1359.777305,128.698,740,353.782,0.082,2.4297748,101.3423,89.2566,108.5666,101.4683,100.7602,99.4598,99.21093,100.4802,97.759,50,114.151548,653333333
2/1/2013,North America,,,1415351,1815.090909,304.5895652,703,89.8,17.665,238557.9545,359.42,8.03,112.3734783,3723.043478,7509,511.203913,2.8347826,94.1608696,116095.6364,15715.22727,975398.8636,591.04,649.62,306.51,0.018578,99.4687434,61.2751588,1403.439652,127.03,754,358.397,0.081,2.4297748,102.127,102.3933,98.9337,98.8312,100.5155,99.2969,100.658805,98.9842,92.2285,50.3,115.497137,653333333
3/1/2013,North America,,,1230272,2010.9,312.9484211,766,106,16.085,217505,397.24,7.55,113.3536842,3619.473684,8089.8,501.6489474,2.8448421,94.7163158,121048.8,17294,950496.25,600.85,625.27,303.76,0.019244,99.4725203,68.3522297,1443.419775,132.193,847,361.281,0.078,2.4297748,102.221,110.3988,100.8867,96.5276,99.8156,100.0203,98.854475,101.6042,92.9064,51.9,116.658015,653333333
4/1/2013,North America,,,1470676,1908.847826,313.9469565,1026,119.3,15.57,223292.3913,365.25,7.55,111.8,3204.347826,8065.413044,487.4726087,3.311,89.5708696,126434.6087,17187.5,1066591.304,577.77,611.47,247.53,0.013786,99.3857507,73.0821313,1437.816842,126.281,915,362.129,0.078,1.4917228,103.118,98.2746,96.8093,93.45,100.4907,100.0663,96.528585,104.2178,90.0106,50.5,117.143849,646666667
5/1/2013,North America,,,1330791,1908.977273,301.07,1086,116.7,14.4875,249084.0909,388.37,7.45,109.3157143,3496.666667,7700.227273,477.5728571,3.5511905,86.6895238,132797.1818,16349.54545,1176046.591,578.57,600.98,250.03,0.019751,99.3346615,71.5381354,1394.511838,128.357,833,363.013,0.077,1.4917228,102.0854,109.3209,100.2725,91.4032,99.316,103.9553,95.538365,104.9077,89.0337,49,116.621612,646666667
6/1/2013,North America,,,1015266,2038.394737,295.9085,699,140.9,14.2775,283825,385.72,6.91,109.2875,3581.5,7971.552632,464.376,3.33505,88.2455,138224.5263,17501.05263,1228263.158,522.45,558.61,260.67,0.015833,99.4968884,66.6931882,1422.284513,131.816,976,364.299,0.079,1.4917228,103.0096,107.693,102.6665,92.568,100.6493,104.3522,94.990595,105.6774,91.0081,50,116.258323,646666667
7/1/2013,North America,18321,15119,1301937,2035.295455,307.202381,760,150.6,15.01,339714.7727,396.34,7.44,112.0431818,3580,8059.977273,453.7666667,3.3270952,94.8285714,146538.5455,17498.75,1216519.318,524.2,578.49,283.8,0.011163,99.795775,58.432323,1480.394488,129.892,888,367.1,0.08,1.6436364,103.1657,106.4088,103.524,96.1168,100.2191,103.6591,88.65299,105.1606,91.263,53.1,116.692004,510000000
8/1/2013,North America,18321,15119,1332648,2126.975,316.8515789,757,150.5,14.8175,407153.75,376.95,7.21,116.3873684,3508.947368,8062.55,447.51,3.3406842,95.3215789,153634.2,17688.625,1191916.25,478.82,547.24,286.17,0.016909,99.9480223,68.0350978,1512.311887,131.929,962,372.389,0.077,1.6436364,102.9505,107.0051,103.0512,96.7296,101.0195,104.8721,89.968975,106.3574,92.4189,54.5,117.727525,510000000
9/1/2013,North America,18321,15119,1380206,1931.9125,295.6815,910,134,14.1425,524481.25,361.47,7.09,109.663,3754,7659.65,447.0805,3.8163,92.936,161880,16752.875,1197643.75,461.13,533.43,290.93,0.024353,99.8154182,61.897249,1550.82943,129.196,1010,369.175,0.075,1.6436364,103.2322,115.3571,104.2899,99.5797,102.1764,105.8854,87.741075,106.8992,87.7557,52.4,117.029988,510000000
10/1/2013,North America,22394,18205,1432019,1853.071429,272.7809091,863,134.6,14.6275,601363.0952,344.44,6.78,103.8304545,3638.636364,7208.857143,422.2822727,4.1724545,92.0677273,170443.1429,15655.95238,1121564.286,492.01,529.92,270.83,0.014111,99.6093801,68.9547219,1570.702325,130.641,835,367.557,0.076,1.3046226,103.7494,108.4735,99.7232,100.1156,100.4185,104.9127,82.383695,108.3492,89.9069,50.2,116.106778,386666667
11/1/2013,North America,22394,18205,1447741,1829.595238,268.8177273,809,113,15.275,616596.4286,353.88,6.95,103.0340909,3428.181818,7237,427.9559091,4.0379091,94.795,178922.2857,14951.78571,1080685.714,473.64,536.64,262.49,0.013938,99.582819,74.255409,1639.843895,129.517,930,369.337,0.075,1.3046226,102.8366,104.2485,100.9215,100.8768,98.0024,104.8207,80.440575,108.7507,88.7028,50,116.645856,386666667
12/1/2013,North America,22394,18205,1378554,1838.875,274.24,1171,115.4,15.62,634166.25,328.94,6.86,102.8165,3362,7003.95,409.597,3.81475,95.8005,184009.5,14295.625,1081288.75,440.57,462.94,256.95,0.015281,99.7954369,82.126721,1618.771935,132.139,839,370.962,0.075,1.3046226,102.5583,101.5229,96.5693,102.7599,99.5294,105.237,80.15135,109.3651,90.0199,52.6,116.614404,386666667
1/1/2014,North America,21192,17331,1042096,1837.978261,288.4631818,1062,127.6,13.84,640326.087,333.7,6.01,107.66,3505.454546,6901.652174,381.5431818,3.6301364,104.62,195919.5652,13750.32609,1043751.087,445.91,444.98,288.63,0.009506,100.0983135,81.009355,1668.67477,130.855,880,373.426,0.073,1.9450721,100.0813,83.8208,97.5954,102.0133,97.8345,103.2674,80.22779,111.8687,87.9451,54,116.132935,406666667
2/1/2014,North America,21192,17331,1442388,1899.35,297.6104545,1132,134.5,13.525,587046.4286,340.71,5.97,110.1481818,3511.818182,7189.214286,370.7422727,3.4268182,106.5727273,207127.1429,14315.2381,1036360.714,439.87,450.47,286.76,0.022443,100.3620275,81.7572215,1670.093412,131.165,917,372.414,0.072,1.9450721,102.2043,103.2439,99.8397,101.261,97.6451,103.4001,79.69343,112.1357,90.8292,55.3,116.901304,406666667
3/1/2014,North America,21192,17331,1398583,1848.690476,305.2105,2003,131.9,12.8525,573168.75,347.46,4.23,111.5655,3433.5,7162.238095,373.425,3.62435,106.2895,219315.3,13800.71429,981757.5,457.41,437.22,251.57,0.026824,100.4885952,80.2046284,1687.172843,130.594,850,372.091,0.072,1.9450721,102.5919,105.5311,96.9319,99.1397,99.1898,103.9864,83.9221,114.4995,90.229,55.4,116.658015,406666667
4/1/2014,North America,20154,17137,1584195,1885.043478,299.253913,1504,133.6,12.8525,507805.7692,349.67,4.09,109.3886957,3434.347826,7200.086957,374.3965217,3.667087,100.536087,232322.7692,14122.6087,1016298.077,451.43,429.05,238.04,0.025813,100.5255331,72.3763076,1720.025945,134.238,925,373.352,0.072,2.5934223,102.8828,93.394,97.8265,101.7474,98.1247,102.8082,82.38631,112.4284,89.2191,55.4,117.209287,456666667
5/1/2014,North America,20154,17137,1383071,1868.428571,293.5185,1821,135.96,13.275,456952.5,335.13,4.03,107.71,3706,7068.809524,362.3205,3.6242,93.864,243113.1,13722.14286,996921.25,448.67,432.99,245.03,0.022545,100.4973154,72.030153,1783.541356,134.981,1100,373.819,0.069,2.5934223,102.1756,93.3896,99.8166,104.6392,98.9688,101.6138,78.980285,113.7696,90.9103,56.2,117.557198,456666667
6/1/2014,North America,20154,17137,1053549,1978.368421,304.1695238,2277,133.41,13.25,393997.3684,349.83,4.01,110.682381,3956.190476,7216.7,358.4238095,4.2357143,97.6252381,255042.3158,13964,922175,405.92,411.69,259.33,0.022709,100.3684358,77.5355429,1807.775206,133.37,1002,376.575,0.067,2.5934223,102.5201,81.4505,99.134,106.8358,98.7055,100.7965,78.001615,114.4168,88.0371,56,118.000455,456666667
7/1/2014,North America,22358,17134,1298501,2039.636364,301.8219048,1110,125.4,12.8775,335473.8095,335.67,4.14,107.5957143,4142.857143,7292.545455,346.6438095,4.6895714,94.6171429,262230.5714,14087.04545,887655.9524,375.89,403.42,254.72,0.019373,100.1975509,79.4098807,1822.356584,132.541,888,372.607,0.066,1.5398869,102.8656,102.5632,94.6086,104.2021,99.3894,95.426,84.039595,116.7033,86.9481,52.4,118.838391,616666667
8/1/2014,North America,22358,17134,1392062,2034.075,305.9321053,1258,115.8,14.1175,295553.75,340.58,4.38,108.6689474,3963.157895,7152.225,367.6996737,6.0123158,100.8178947,268208.1,14222.75,803886.25,408.17,437.38,251.98,0.022322,100.2453725,78.3006363,1817.034938,131.806,944,378.256,0.067,1.5398869,103.6672,102.4903,91.8548,103.0256,101.0551,97.3601,85.58766,118.0894,89.8287,54.8,119.4412,616666667
9/1/2014,North America,22358,17134,1513753,2011,295.0171429,1362,108.1,14.69,265544.0476,333.45,4.76,107.867619,3780.952381,6653.095238,400.8871143,4.862381,100.8038095,275957.7143,15686.66667,780057.1429,470.63,478.45,268.6,0.02805,100.3480226,83.8611549,1863.524337,136.051,970,382.077,0.067,1.5398869,105.9223,109.2632,105.4631,101.4656,102.59,97.1299,83.908295,119.675,89.3947,55,119.746537,616666667
10/1/2014,North America,24596,20123,1422981,2018.325,295.4542857,943,103.9,15.3875,247636.1111,339.97,4.92,107.9833333,3835.714286,6695.25,411.1299619,4.6062857,102.0690476,279419.6667,17172.25,810670.8333,489.58,495.73,275.44,0.032251,100.4358776,81.712589,1864.262709,134.843,1043,386.506,0.062,2.752312,106.0463,103.8892,94.9622,99.26,101.9991,96.1821,87.38857,122.8828,87.1002,55.3,120.006773,773333333
11/1/2014,North America,24596,20123,1504395,2059.4875,293.107619,934,92.2,15.0525,196134.7222,349.17,4.47,109.2171429,3736.666667,6885.8875,406.3926905,4.623,102.1771429,279903.6667,19412.5,747306.9444,427.59,452.67,278.94,0.034872,100.4938811,82.2080881,1889.767005,136.638,1007,386.815,0.063,2.752312,107.3117,103.3058,96.668,99.6216,102.5809,96.0444,86.67709,124.1562,89.3842,55.5,119.698441,773333333
12/1/2014,North America,24596,20123,1484324,2131.675,296.4447619,850,90.4,13.975,162317.1053,358.59,4.09,111.8990476,3629.047619,6824.475,367.5184095,4.5704762,105.7942857,293870.2105,18658.25,684405.2632,397.76,395.29,287.95,0.038173,100.5366518,86.3661145,1947.088966,135.825,911,387.726,0.061,2.752312,108.1271,96.9034,98.594,95.9747,103.091,96.1966,84.96593,126.8127,90.8369,55.4,119.84574,773333333
1/1/2015,North America,26578,19562,1244533,2310.934783,288.6736364,755,92.3,12.47,155784.0909,368.57,3.46,108.6373913,3625.454546,7117.173913,327.34235,4.0095455,103.5886364,309235.9091,19123.26087,658640.9091,363.18,354.77,261,0.041749,100.6344304,90.3333252,1973.099434,136.419,1085,388.072,0.062,3.1035398,109.1893,101.3805,94.6966,96.3587,102.7108,95.113,84.39649,127.4696,92.542,55.6,119.401737,720000000
2/1/2015,North America,26578,19562,1443086,2328.2,285.167619,1147,86.2,10.9425,144453.75,371.96,3.59,103.4990476,3630,7005.725,322.0034857,3.8833333,96.5361905,322187.4,18655.75,711856.25,383.34,359.79,265.79,0.032413,100.7653709,93.4151785,1961.5315,137.85,984,391.304,0.061,3.1035398,108.8877,101.2686,95.3669,96.0652,102.0575,94.957,85.75713,128.5011,94.5437,57.9,119.592631,720000000
3/1/2015,North America,26578,19562,1489168,2297.431818,274.5128571,1063,80.8,8.9825,154234.0909,350.07,2.84,98.9138095,3647.142857,6871.318182,302.7938857,3.9171429,93.2119048,337716.2727,18078.40909,748584.0909,326.54,313.51,258.73,0.03164,100.7807247,89.0421025,1993.226129,135.019,1023,389.778,0.059,3.1035398,109.745,83.461,95.8944,97.0003,102.5583,96.5197,83.57526,129.8303,95.9944,55.9,119.283626,720000000
4/1/2015,North America,25634,19185,1620338,2275.782609,253.25,1428,77.5,10.39,155434.7826,356.04,3.39,88.7221739,3501.304348,6748.913044,308.7035174,3.7747826,84.3969565,372263.2174,15847.6087,724993.4783,360.64,357.43,208.03,0.032699,100.7985909,94.0503979,1937.27513,136.713,1074,390.348,0.057,2.903157,110.4978,95.3441,100.4096,96.9526,102.8376,96.9737,86.714895,130.822,95.2293,57.4,119.31044,610000000
5/1/2015,North America,25634,19185,1375704,2258.95,240.8884211,1153,70.4,10.385,161246.25,344.3,3.53,80.7655,3217.368421,6715.725,318.9554684,4.0938421,75.7894737,391800.9,15819.75,684862.5,391.2,370.03,165.13,0.037033,100.7058472,91.0331111,2044.572739,134.578,1001,391.679,0.058,2.903157,110.7764,101.1197,101.636,98.3625,102.338,99.162,88.50966,130.0715,97.6268,57.6,118.922236,610000000
6/1/2015,North America,25634,19185,1240725,2181.763158,200.9363636,782,69.3,10.1425,168603.5714,329.15,3.68,64.2177273,3174.545455,6451.473684,329.6764182,3.4031818,59.2904545,407622.5714,16078.42105,682690.4762,395.75,375.18,129.09,0.033778,100.4550978,93.0628822,2054.265522,133.591,1073,388.421,0.056,2.903157,110.8685,85.6632,98.6232,100.0995,102.5668,98.9786,85.46518,133.5039,95.1397,54.9,117.181394,610000000
7/1/2015,North America,26465,19330,1316737,2118.690476,167.2075,608,64.2,9.515,208265.4762,310.98,3.45,50.0842857,3236,5832.333333,313.045195,2.9735,47.219,419187.4286,14837.14286,659807.1429,338.11,338.71,144.88,0.031772,100.1993925,103.7996001,2028.179379,129.459,1085,385.466,0.057,3.7701733,109.7387,90.983,105.9415,99.0782,103.025,99.5394,81.54285,133.154,89.5773,54.3,115.195444,490000000
8/1/2015,North America,26465,19330,1355587,2103.95,194.1768421,540,64.2,10.2525,287036.25,312.96,3.63,58.2121053,2500,5724.125,307.0356105,2.8473684,50.5842105,425617.8,14578.75,595925,343.55,354.96,178.54,0.017754,99.997298,98.824515,2082.197056,127.212,886,384.793,0.055,3.7701733,111.5185,86.2952,103.7231,98.4887,102.195,96.9229,78.820735,134.291,93.7226,53.5,115.810473,490000000
9/1/2015,North America,26465,19330,1592433,2031.340909,178.1377273,602,54.8,9.6325,330348.8636,312.83,3.54,57.2518182,2259.090909,5941.477273,297.79875,2.8009091,47.8236364,431802.2727,13800.68182,534818.1818,345.31,344.63,158.5,0.005574,99.8587268,101.4412601,2079.990507,127.035,960,390.948,0.054,3.7701733,111.6557,81.3157,97.045,98.1277,101.5818,97.1971,78.44112,134.6823,96.0408,52.3,116.100078,490000000
10/1/2015,North America,29559,19902,1499275,2211.325,184.0209524,591,57.9,9.695,335831.25,337.95,3.45,59.5128571,2250,6046.425,295.9628238,2.5809524,54.4528571,434615.7,12869.75,495076.25,317.49,331.02,187.76,-0.001045,99.8211059,94.3156229,2094.862983,128.489,1190,390.986,0.054,3.1265667,110.607,80.9184,101.7985,98.3911,101.1131,97.3061,74.969565,135.6711,93.0172,51.5,115.164158,516666667
11/1/2015,North America,29559,19902,1482753,2285.894737,196.18,589,61.1,9.3,335190.7895,311.93,3.35,64.0961905,2290,6303.289474,288.811485,2.839,59.265,448616.5263,13565,454203.9474,319.08,322.87,194.9,-0.009464,99.878072,94.6,2111.941774,126.975,1079,394.518,0.056,3.1265667,109.7998,81.4483,100.9474,97.87,100.7316,95.8049,73.490235,134.5918,93.0634,52.8,116.523977,516666667
12/1/2015,North America,29559,19902,1552123,2089.136364,188.9109091,800,61.5,10.5125,315145.4545,297.51,3.93,61.4777273,2463.636364,5840.931818,293.4706955,2.7695455,59.8195455,463235.4545,12807.72727,458485.2273,407.75,389.35,198.82,-0.015826,99.8701788,99.8,2099.283113,126.296,1205,395.115,0.053,3.1265667,108.6176,79.6275,91.6522,97.219,102.3235,100.721,71.388065,134.6157,90.0774,53,117.043471,516666667
1/1/2016,North America,27698,20486,1308462,2003.021739,168.2636364,1131,54.9,9.9075,335510.8696,277.64,3.46,56.5613043,2422.727273,5456.543478,307.233,2.8304545,50.9009091,455404.6957,11393.69565,453297.8261,330.29,334.22,174.95,-0.010136,99.7427455,91,2094.14409,126.162,1146,397.72,0.052,2.3518177,107.8251,74.114,98.4892,97.4722,100.4574,97.8607,70.903335,134.7636,89.9356,51.7,116.698357,393333333
2/1/2016,North America,27698,20486,1532394,1817.05,152.9385714,903,56.3,8.765,354830,273.5,3.41,46.5842857,2228.571429,5124.55,285.2524857,2.7630476,42.867619,455817.3,10437,476003.75,322.04,327.78,151.66,-0.008066,99.5537499,101.3,2039.867137,123.282,1130,397.585,0.051,2.3518177,107.2173,80.7717,103.7693,97.9998,100.2109,99.4704,68.27913,134.5316,87.3688,51,116.46439,393333333
3/1/2016,North America,27698,20486,1526842,1724.727273,154.037619,900,57.2,8.845,339748.8636,269.28,3.63,47.6231818,2114.285714,5221.318182,282.8030333,2.6447619,45.4795238,451953.5455,9936.136364,578895.4545,338.75,338.69,141.67,-0.016077,99.34941,102.6,1944.4023,124.579,1224,396.353,0.05,2.3518177,105.9835,73.4596,100.5117,98.7093,99.4739,98.1763,66.05313,135.0857,86.9352,50.1,115.23877,393333333
4/1/2016,North America,24157,20049,1639962,1728.022727,150.1022727,721,50.6,8.8625,293815.9091,262.52,3.63,48.43,1713.636364,5222.318182,292.8741227,2.315,46.2245455,438440.7273,10336.81818,582811.3636,342.76,337.79,134.76,-0.021425,99.164291,99.1,2024.813082,122.948,1058,394.715,0.05,1.765048,105.2051,66.7713,101.6008,97.1853,99.5939,98.5757,62.107955,133.6251,86.8442,49.6,115.336756,306666667
5/1/2016,North America,24157,20049,1451862,1583.595238,142.658,584,43.3,8.785,256936.9048,244.84,3.54,44.267619,1360,4802.404762,288.804395,2.07165,42.4435,417453.7143,9269.047619,557548.8095,315.06,323.55,120.14,-0.033387,99.0157695,92.6,2080.615506,120.833,1172,396.257,0.051,1.765048,104.023,61.1868,96.6245,96.2825,99.1501,98.7471,61.85122,131.6077,84.5658,48.7,115.415479,306666667
6/1/2016,North America,24157,20049,1236959,1527.642857,118.0481818,478,43.4,8.6725,234832.1429,253.08,3.45,38.0054545,1300,4643.190476,287.8528773,1.9156364,37.1886364,420962.2857,8733.52381,502859.5238,311.57,316.18,118.47,-0.037014,98.9632262,96.3,2054.07915,120.058,1146,397.123,0.05,1.765048,103.3049,58.1368,94.9145,94.7656,99.4179,98.1497,60.488985,132.7025,82.4579,47.9,114.620397,306666667
7/1/2016,North America,21332,22737,1368650,1518.075,100.2831579,317,41.4,8.7925,237028.75,249.19,3.63,30.6995,1468.421053,4473.1,280.4561474,2.2752632,31.6831579,443430.9,8510.3,464333.75,316.99,324.31,107.23,-0.023755,99.0466911,97.8,1918.598094,117.202,1103,395.21,0.049,1.6175672,101.5165,59.6867,98.2001,92.6705,97.3172,99.9589,54.669755,132.5283,81.4995,48.6,114.217263,336666667
8/1/2016,North America,21332,22737,1534509,1708.880952,104.451,329,46.4,8.51,217494.0476,257.88,3.43,32.1815,1500,4598.952381,276.973605,1.9565,30.323,440166.8571,8316.904762,478327.381,301.19,311.39,106.32,-0.025589,99.2554369,94,1904.418678,119.502,1203,398.293,0.049,1.6175672,101.0797,61.9235,94.4355,91.6869,95.9388,99.6158,55.149755,131.6008,80.0701,49.7,113.547817,336666667
9/1/2016,North America,21332,22737,1552113,1802.285714,119.3495455,429,53.2,9.0825,167831.25,258.04,3.38,38.2104545,1802.272727,4951.214286,283.8222273,1.7009545,37.5463636,432017.4,8739.285714,453888.75,314.44,319.02,127.42,-0.030568,99.4864888,96.1,2021.954106,117.833,1114,397.196,0.05,1.6175672,100.4325,59.6299,95.8894,91.0525,95.5445,99.6331,56.60147,130.8875,76.8436,51.7,113.537761,336666667
10/1/2016,North America,21100,21239,1518447,1854.190476,124.9595238,703,65.8,10.175,146873.8095,276.76,3.73,41.5833333,2214.285714,4868.02381,292.6437619,1.9033333,40.7552381,425091.7143,8875,418892.8571,322.78,346.45,147.07,-0.025346,99.6087181,94.7,2075.535439,119.334,1158,398.813,0.05,1.336297,99.3525,57.3286,94.2058,92.8239,95.6701,98.9141,55.36348,128.9798,78.0854,50.7,113.507783,400000000
11/1/2016,North America,21100,21239,1462427,1872.9,142.0671429,612,47.2,10.66,157081.25,257.42,3.86,46.742381,2461.904762,4701.375,303.5147714,1.9238095,46.712381,408677.1,8702.5,390025,305.95,348.88,151.96,-0.023776,99.7145057,92.4,2065.550803,118.953,1131,400.435,0.048,1.336297,100.6804,56.1625,90.7116,93.7197,96.1765,99.7773,54.838485,129.3395,76.0829,51,114.331277,400000000
12/1/2016,North America,21100,21239,1618511,2022.386364,150.0872727,660,53.6,11.675,191154.5455,272.48,3.42,48.2472727,2336.363636,4640.818182,323.3900227,2.5654545,48.7577273,389538.2727,8908.613636,396085.2273,292.62,337.38,143.26,-0.01606,99.7876362,97.4,2083.890539,119.851,1200,404.859,0.049,1.336297,99.4833,59.3753,97.3829,96.2246,95.9141,99.2536,54.90487,128.7911,78.9375,52.8,115.054297,400000000
1/1/2017,North America,17948,18364,1191445,2183,138.672,656,58.3,10.25,219146.4286,278.29,3.18,45.3357143,2220,4861.285714,297.48173,2.788,44.69,376704.2857,10238.04762,438534.5238,270.73,305.14,130.72,-0.018581,99.7024487,96.7,2148.901411,120.35,1245,404.315,0.048,1.5620474,99.5441,58.618,99.0123,96.8771,97.2422,100.1385,56.675065,128.0676,81.1149,52.3,114.680561,350000000
2/1/2017,North America,17948,18364,1691639,2280.363636,141.5386957,711,57.3,9.48,225034.0909,269.61,2.85,46.8204348,2200,4758.659091,291.4827435,2.7913043,44.8178261,371677.9091,10363.70455,447902.2727,258.71,288.8,137.84,-0.018715,99.5494709,101.8,2177.481419,122.973,1155,404.345,0.049,1.5620474,100.3215,51.9967,99.5067,96.2999,97.5268,97.3812,53.23593,127.2585,79.1264,49.4,114.493512,350000000
3/1/2017,North America,17948,18364,1541281,2291.068182,143.2742857,875,57.77,9.39,347767.0455,283.78,3.09,47.6580952,2047.619048,4718.431818,292.0995476,2.9695238,45.2457143,365939.7273,10182.20455,445719.3182,268.36,300.58,147.81,-0.014012,99.5946812,103.5,2157.690926,123.913,1072,406.628,0.05,1.5620474,99.8943,58.2569,96.821,95.6139,97.47,99.4415,48.880605,125.4367,76.2494,51.7,115.138665,350000000
4/1/2017,North America,15855,18271,1586930,2315.738095,156.77,857,62.38,9.8475,347471.4286,287.54,3.3,51.3842857,1838.095238,4736.190476,300.1972381,2.9480952,49.9304762,361644.8571,10270.47619,453680.9524,275.92,314.7,139.45,-0.008672,99.760882,100.8,2143.020616,123.308,1321,407.991,0.049,2.0759966,100.89,60.0781,98.1593,94.5664,96.7455,97.4786,49.70643,127.3492,80.7056,52,116.158677,413333333
5/1/2017,North America,15855,18271,1498589,2587.681818,146.6047619,1204,79.14,10.1225,267011.3636,317.83,3.2,47.1209091,1990.476191,5446.068182,299.4203571,2.5137619,45.7933333,365342.1818,11152.5,446310.2273,268.1,311.5,142.96,-0.003025,100.0232303,109.4,2164.986631,121.781,1150,406.761,0.047,2.0759966,101.3821,56.1418,95.7285,98.1506,94.8462,96.6075,50.64294,127.2299,80.5805,53.5,116.01968,413333333
6/1/2017,North America,15855,18271,1272144,2671.025,166.2752381,961,78.06,9.865,282747.5,300.9,3.38,54.9447619,2335.714286,5666.7,291.6890095,3.5819048,52.2133333,369980.7,11014.25,434117.5,271.96,311.59,170.09,0.009914,100.3269868,113.3,2246.629113,126.459,1267,412.753,0.047,2.0759966,101.0006,60.4754,95.0628,99.0357,95.4917,96.5445,53.51209,127.0879,81.0459,54.5,116.900545,413333333
7/1/2017,North America,16974,22509,1402552,2715.071429,164.485,800,83.44,10.03,281642.8571,326.57,3.42,55.4195,2730,5746.976191,302.551115,3.2605,52.646,374047.4286,9996.904762,416942.8571,280.17,319.18,155.86,0.002749,100.5980066,111.6,2275.115785,127.421,1206,416.6,0.047,2.1700096,100.7053,56.1243,104.5449,101.9328,97.9911,97.1372,54.6271,128.189,82.8484,55.6,117.532722,423333333
8/1/2017,North America,16974,22509,1453801,2844.75,164.2252632,859,92.46,10.11,236580,332.46,3.48,56.0336842,2628.947368,5949.675,309.3870526,2.8215789,53.4821053,381745.2,10631,387698.75,297.02,331.2,158.07,0.005837,100.7537978,116.1,2329.911285,127.567,1282,416.224,0.047,2.1700096,100.5052,51.3785,97.0522,101.2955,96.4137,97.2006,52.72502,130.4757,80.0692,57.6,117.990232,423333333
9/1/2017,North America,16974,22509,1671208,2776.934783,153.5652174,1297,80.21,9.225,297657.6087,329.6,3.39,52.5665217,2808.695652,5817.130435,297.685587,2.8747826,49.7069565,381883.3043,10214.34783,379222.8261,281.83,314.2,163.8,0.020605,100.7053397,124.9,2366.82246,126.74,1186,415.464,0.044,2.1700096,100.3276,62.5615,96.7914,103.5254,96.4919,96.5515,60.042685,131.2455,80.122,56.6,118.143506,423333333
10/1/2017,North America,21884,23258,1347928,2623.694444,158.9705263,1109,65.51,9.1775,265794.4444,320.1,3.37,53.8326316,2678.947368,5692.638889,289.5069211,3.0789474,51.14,375819,9636.666667,360448.6111,287.25,317.9,148.46,0.027748,100.5580824,119.4,2359.309161,125.962,1150,418.01,0.044,2.3423324,100.8663,80.1085,94.7805,101.7477,97.2174,97.6001,64.826015,131.1686,81.0181,55.3,118.46218,410000000
11/1/2017,North America,21884,23258,1570643,2593.309524,151.4168182,878,56.07,8.875,325211.9048,316.92,3.48,51.4,2600,5602.261905,289.8460273,3.1022727,48.5486364,380588.5714,9175.952381,341784.5238,284.89,315.25,153.32,0.032858,100.5554659,117.6,2395.345372,125.475,1123,415.879,0.044,2.3423324,100.2678,80.1847,98.558,101.0137,97.381,93.2923,67.67089,132.6948,82.0665,55.5,117.899418,410000000
12/1/2017,North America,21884,23258,1538598,2576.833333,142.6136364,901,61.61,9.1375,272138.6364,327.46,3.52,47.5922727,2600,5726.261905,286.6816727,2.9386364,45.2077273,377246.7273,8956.428571,313317.0455,349.17,345.58,147.99,0.028801,100.7224747,117.3,2433.984309,127.142,1243,417.639,0.043,2.3423324,100.7992,65.1027,101.5099,100.9388,96.2647,94.8132,69.724885,133.7228,83.4853,56.7,117.697922,410000000
1/1/2018,North America,24242,21661,1061735,2787.880952,152.734,946,73.06,9.685,303333.3333,339.27,3.42,49.1325,2562.5,5987.761905,300.0163,2.9568,46.6855,373902.2857,9508.214286,272904.7619,314.56,334.06,164.16,0.024267,100.8892422,120,2454.102627,126.593,1207,417.908,0.043,2.4385842,100.829,63.518,97.9383,102.2601,96.7387,95.4739,68.39088,134.9464,77.2867,56.5,116.999293,500000000
2/1/2018,North America,24242,21661,1543706,2986.363636,163.0865217,1184,78.59,9.2625,271515.9091,368.97,3.17,51.9008696,2628.26087,6486.75,282.3483696,2.8743478,48.0686957,380496.8182,10874.77273,254001.1364,288.26,314.29,204.54,0.02,101.1326824,120.4,2456.221836,127.923,1163,418.181,0.044,2.4385842,100.7183,59.1406,94.7412,104.1209,96.4916,95.4485,67.262115,134.4899,79.4941,59.3,117.8015,500000000
3/1/2018,North America,24242,21661,1364940,3112.880952,179.0675,1356,63.2,9.3325,266686.9048,359.8,3.15,55.4771429,2650,6574.238095,282.4072,2.964,49.893,383424.8571,11228.33333,255619.0476,296.32,318.5,160.73,0.018598,101.2949086,120.6,2492.841694,129.8,1174,428.218,0.042,2.4385842,99.7875,62.1858,98.062,102.5426,96.8167,95.3383,72.253695,136.9548,80.352,60.2,118.549082,500000000
4/1/2018,North America,22217,19656,1522580,3263.818182,175.0531818,1522,58.36,9.4625,286881.8182,376.09,3.13,57.605,2418.181818,6804.227273,278.9527136,2.8781818,51.5718182,385240.6364,11314.09091,262464.7727,277.11,309.66,175,0.0312,101.2644834,126.2,2556.997434,130.896,1256,428.529,0.041,2.7636975,99.8547,70.1818,94.394,104.5744,97.6373,95.5652,73.1225,139.6581,80.3378,58.5,119.397605,526666667
5/1/2018,North America,22217,19656,1449370,3233.340909,182.1571429,1578,68.73,9.5825,242043.1818,364.34,3.12,62.7140909,2350,6833.613636,282.5493333,3.0119048,56.6385714,381178.9091,11991.13636,231273.8636,286.79,316.74,171.88,0.037697,101.2339454,128.6,2593.606269,134.32,1300,431.841,0.042,2.7636975,99.5965,77.048,95.2933,105.5645,96.4639,94.576,72.025185,142.7519,82.1987,58.2,120.620311,526666667
6/1/2018,North America,22217,19656,1138131,3193.894737,186.565,1366,70.78,9.3175,195644.7368,394.04,3.2,64.3855,2590,6825.710526,279.52805,2.822,57.8815,375276.9474,11481.84211,195728.9474,283.07,311.48,177.33,0.033173,101.2894937,123.1,2664.339412,137.357,1199,433.877,0.041,2.7636975,98.8782,71.8188,100.3193,105.0935,96.0398,93.5085,72.980935,144.2756,80.9937,59.3,120.607188,526666667
7/1/2018,North America,24457,22484,1366846,3441.545455,203.147619,1152,71.61,9.7325,237348.8636,394.41,3.36,69.0772727,2892.857143,7065.75,282.2427714,3.9109524,63.6985714,363388.0909,12863.40909,178801.1364,301.97,325.13,189.24,0.028967,101.3365883,124.3,2789.804028,133.87,1314,433.198,0.041,2.8218891,98.5405,63.412,94.327,108.7332,97.5595,92.2792,71.92158,143.5939,81.9643,59.1,120.831101,380000000
8/1/2018,North America,24457,22484,1448998,3528.475,185.4052632,1192,75.59,10.205,326073.75,383.06,3.57,65.3175,2950,7003.925,292.9075579,2.67,62.2294737,340661.7,13551.75,151577.5,332.7,348.75,177.46,0.036753,101.359216,130,2705.154694,136.458,1288,435.033,0.041,2.8218891,98.2012,60.2337,97.1174,109.2589,98.0442,93.5506,68.578345,146.3011,83.6668,60.8,121.225981,380000000
9/1/2018,North America,24457,22484,1564979,3266.357143,186.9761905,1055,61.49,10.1475,333533.3333,365.87,3.62,66.0166667,3192.857143,6799.380952,299.9236524,2.6928571,62.7247619,326329.4286,13372.38095,204201.1905,301.61,338.58,191.68,0.036235,101.2468702,127,2702.774289,139.794,1335,434.51,0.04,2.8218891,98.2484,63.941,96.9096,109.3381,97.9713,93.3388,64.68948,147.8483,84.6761,59.3,121.561486,380000000
10/1/2018,North America,26176,24866,1444628,3189.825,203.7190476,1341,63.32,10.1525,355731.25,381.08,3.7,71.9590476,3411.904762,6848.075,301.6084714,2.7961905,66.2538095,313303.8,13935,203796.25,342.92,358.21,205.83,0.035929,101.1287125,125.6,2653.623861,140.006,1269,436.423,0.039,3.0268395,99.5502,67.8606,99.3404,109.0514,98.8321,94.3674,65.315275,149.263,89.5703,57.3,121.239019,490000000
11/1/2018,North America,26176,24866,1452770,3062.761905,218.8045455,1090,61.57,9.96,299517.8571,389.08,3.66,76.8621739,3368.181818,6823.642857,308.7129773,2.8018182,69.9781818,304180.5714,14364.28571,233925,351.45,356.15,206.43,0.027329,101.1711043,128.8,2701.493531,142.654,1334,441.536,0.038,3.0268395,98.9793,69.9449,97.7888,105.1946,99.3946,94.2887,63.40945,150.3269,88.1296,58.7,122.390408,490000000
12/1/2018,North America,26176,24866,1459716,3086.738095,211.2047619,1385,60.44,8.385,301290.4762,369.17,3.23,74.4047619,3350,6969.785714,296.0723714,2.9647619,67.8733333,276584,15135.95238,247434.5238,329.75,323.63,208.62,0.032562,101.2760119,127.1,2754.352541,140.427,1190,439.651,0.04,3.0268395,100.566,71.58,98.6225,104.2169,99.2107,94.6031,64.33339,154.1602,88.4134,60.2,122.581307,490000000
1/1/2019,North America,29760,23882,1105776,2662.909091,210.6714286,1747,60.87,8.7875,262139.7727,350.73,3.39,74.2540909,3400,6249.681818,282.7797095,2.832381,70.9814286,262236.2727,13811.13636,244565.9091,367.27,345.09,206.05,0.037901,101.3324417,127.9,2793.644123,138.237,1195,441.541,0.039,3.0190738,101.0751,72.4214,105.2284,102.8166,99.7009,94.2754,68.30414,156.899,87.598,58.1,122.27064,423333333
2/1/2019,North America,29760,23882,1561264,2517.409091,212.4565217,1579,61.99,7.985,258442.0455,340.21,3.09,72.5282609,3217.391304,6053.340909,290.8236826,2.9617391,68.0556522,246414,13446.81818,243298.8636,362.69,333.94,205.7,0.048915,101.4263467,134.7,2857.820945,138.105,1280,440.241,0.038,3.0190738,100.9356,76.7449,98.7132,101.6783,99.2852,94.4711,81.27192,161.2358,91.629,61.3,122.513603,423333333
3/1/2019,North America,29760,23882,1366558,2440.7,222.6,1540,66.02,7.95,225875,345.63,3.02,78.891,3002.631579,6045.175,280.3242789,2.9952632,70.2321053,232912.2,12530.5,217805,337.54,322.1,213.2,0.050866,101.3434567,135.3,2901.500251,140.268,1246,441.029,0.037,3.0190738,101.8607,73.4353,98.9066,100.8428,98.7849,93.4559,85.72907,163.1155,90.6996,59.8,122.818609,423333333
4/1/2019,North America,27878,22455,1614577,2673.347826,231.3347826,1490,74.61,7.79,162857.6087,328.11,3.12,81.0321739,3032.608696,6224.76087,287.9091826,3.2752174,70.7486957,222517.3043,12330,177526.087,330.23,322.46,176.14,0.038246,101.1469773,137.9,2785.464878,141.34,1207,446.238,0.038,2.4065557,101.8329,73.1973,96.5872,101.3302,99.7523,95.4013,90.61079,163.6123,89.1269,57.7,124.063194,646666667
5/1/2019,North America,27878,22455,1437138,2594.045455,203.6047619,1231,64.71,8.42,155701.1364,333.12,3.4,64.7481818,3240.476191,6201.090909,289.1504429,4.12,56.8419048,215664,11261.59091,126620.4545,338.86,334.55,139.94,0.035819,100.9456657,136.4,2723.229515,138.516,1204,446.894,0.037,2.4065557,102.2192,76.7361,102.6654,100.4356,100.1201,94.4292,93.336465,165.3631,90.8243,59.3,123.104006,646666667
6/1/2019,North America,27878,22455,1138671,2616.81579,178.77,1271,70.58,8.44,126168.4211,319.31,3.47,56.4795,3250,6085.552632,291.41303,3.9726,49.097,209748,10835.78947,121960.5263,330.76,330.72,125.96,0.03089,100.6495697,126.6,2567.30676,136.013,1117,435.953,0.039,2.4065557,103.7121,70.7188,101.6268,99.1705,98.8593,96.3165,82.470465,168.1112,92.5386,54.1,122.200474,646666667
7/1/2019,North America,29816,23986,1366832,2568.272727,182.5666667,668,79.27,8.67,139626.1364,336.18,3.49,59.4095455,3021.428571,5942.204546,289.5477905,3.1231818,51.3757143,202497,11527.95455,121629.5455,338.95,336.05,137.51,0.031221,100.5079087,121.7,2607.390824,138.1560211,1272,443.42,0.04,2.4286176,103.6065,78.4458,94.1458,99.431,97.4746,95.7492,89.520855,168.5364,93.4806,56.6,121.283071,556666667
8/1/2019,North America,29816,23986,1385234,2705.6,192.7842105,658,81.61,8.54,141143.75,345.75,3.35,63.9605,2950,6296.325,287.5740368,2.6926316,54.9547368,199686,12676.75,91962.5,301.65,320.31,164.35,0.023071,100.3525227,131.4,2754.864638,138.3246397,1137,442.467,0.038,2.4286176,103.3501,59.4438,96.3884,98.7236,98.6071,97.581,81.44464,165.902,95.3905,54.2,121.913257,556666667
9/1/2019,North America,29816,23986,1481605,2848.095238,196.4904762,689,82.06,8.39,151650,345.47,3.31,66.1385714,3121.428571,6444.642857,276.9600238,2.9485714,58.1514286,189688.5714,13049.38095,57994.04762,298.05,311.69,186.63,0.017498,100.2282315,124.2,2803.98306,140.1320428,1203,449.925,0.038,2.4286176,104.5173,67.8047,98.1762,99.6733,99.1179,98.6581,79.05874,166.7126,96.6101,54.6,123.20271,556666667
10/1/2019,North America,32010,27200,1341936,2928.925,203.5857143,1011,87.99,7.99,196338.75,333.31,3.34,71.2319048,2947.619048,6441.05,275.3954048,2.6471429,63.862381,177462.3,12809.65,64242.5,277.48,303.58,199.93,0.006078,100.0194845,129.2,2903.800954,135.5390871,1267,452.012,0.036,2.1452331,102.3368,68.8644,91.1949,99.3732,98.0508,99.2836,71.242555,170.3926,90.7615,53.4,123.732815,566666667
11/1/2019,North America,32010,27200,1482894,2746.309524,200.8636364,1096,98.72,8.36,203365.4762,314.54,4.04,71.1726087,2668.181818,6026.380952,272.2181409,2.6390909,60.8268182,166397.1429,12030.14286,100128.5714,327.6,345.85,170.89,0.013989,99.8277521,131.3,2854.706237,138.3215873,1268,453.199,0.036,2.1452331,100.4941,70.9823,95.096,99.1897,99.4021,99.316,76.395125,170.6897,93.4136,52.3,123.834117,566666667
12/1/2019,North America,32010,27200,1421665,2605.275,181.97,1354,112.64,8.67,233892.5,320.49,4.16,64.2795,2360,5891.35,300.33364,2.3985,54.6575,165273.6,11995.25,99255,336.81,352.6,182.66,0.007366,99.6549412,124.3,2890.166221,134.768523,1235,454.256,0.037,2.1452331,101.7295,71.8004,93.3682,98.038,99.3181,98.4926,75.863305,172.6232,93.0577,51.6,122.858411,566666667
1/1/2020,North America,30184,25515,1188539,2444.630435,188.9409091,1868,117.05,8.57,289706.5217,322.37,3.98,63.9191304,2222.727273,5941.086957,292.3290864,2.3627273,57.3445455,150029.7391,13496.73913,81273.91304,310.54,330.92,183.78,6.60E-05,99.4480351,135.8,2996.113829,136.6956379,1212,457.485,0.037,1.9214444,102.4387,71.4406,93.9314,98.9345,97.6808,98.4394,70.32481,169.2434,91.9077,51.3,122.745858,830000000
2/1/2020,North America,30184,25515,1477791,2277.976191,179.4959091,2378,87.77,8.39,307129.7619,317.54,3.52,59.0418182,2363.636364,5716.809524,271.5539182,2.2209091,54.8059091,146926,15736.42857,73084.52381,294,313.37,162.6,0.000441,99.1878512,134.2,2897.467953,136.5699952,1377,459.938,0.037,1.9214444,102.1926,84.1985,95.9851,98.0289,97.6126,98.9899,73.941195,174.6833,93.956,48.8,122.600271,830000000
3/1/2020,North America,30184,25515,1331480,2328,192.465,1823,92.98,8.81,294513.0952,319.66,3.74,62.8266667,2160,5758.452381,270.41062,2.559,56.947,157137.4286,17676.19048,64003.57143,313.06,329.91,162.27,-0.00431,98.9908807,126.3,2982.155032,135.3860689,1274,457.277,0.035,1.9214444,102.752,76.2148,91.7199,97.7338,98.2893,97.7816,71.35576,176.7626,91.3597,48.2,122.520447,830000000
4/1/2020,North America,22964,20819,1390796,2455.086957,192.0434783,1731,84.72,9.02,271897.8261,324.58,3.83,59.7130435,1810.869565,5754.695652,284.6447957,2.3313043,53.9630435,95045.73913,17094.34783,60808.69565,320.09,335.56,159.96,-0.010495,98.9281944,126.1,2977.675945,136.1478815,1340,459.978,0.036,2.12861,103.3754,77.0538,87.4688,98.6386,97.7874,96.5979,74.617435,178.6793,88.8549,48.5,123.578286,760000000
5/1/2020,North America,22964,20819,1366903,2431.666667,191.465,1528,83.8,8.75,224957.1429,314.6,3.58,63.2119048,1910,5861.428571,285.79887,2.653,57.027,66661.71429,15162.38095,55548.80952,340.86,334.75,156.1,-0.005985,98.9492406,126.8,3104.903969,136.1855533,1371,460.76,0.035,2.12861,103.2779,76.1893,90.8094,100.6165,97.7733,98.7689,75.92212,177.9994,89.681,48.1,124.095817,760000000
6/1/2020,North America,22964,20819,1079442,2278.875,196.3761905,1090,85.97,9.455,169713.75,324.21,3.77,67.2171429,2192.857143,6076.775,294.0350286,2.2242857,59.8166667,114642,13850,55097.5,356.35,349.89,166.55,-0.007988,99.0495974,128.2,3176.749306,136.9338152,1587,460.512,0.035,2.12861,104.2815,84.5197,98.4074,100.2439,97.5241,98.01,73.12101,180.1326,87.4858,47.8,124.364951,760000000
7/1/2020,North America,20447,21897,1342412,2352.159091,182.9,487,89.3,8.64,156175,301.55,3.73,63.6454545,2492.857143,6039.431818,300.4641333,2.0204762,57.5190476,181470.2727,13576.13636,50752.27273,349.8,337.44,147.66,-0.009086,99.2079008,130.4,3278.203491,136.3659448,1617,464.062,0.036,2.44,93.3037,80.984,90.1008,101.8291,95.9755,97.1788,72.92424,181.0559,87.6715,51.9,,643333333
8/1/2020,North America,20447,21897,1422611,2120.1,158.9052632,535,80.1,8.75,177890,298.11,3.62,55.702,2392.105263,5685.125,294.8696789,1.9006,50.5426316,217245.3,12749.75,70267.5,334.17,329.4,140.4,-0.003979,99.0963678,132.6,3277.313971,137.7412634,1567,461.914,0.035,2.44,91.0429,81.5648,89.9317,101.675,94.7482,95.4881,72.665595,178.7983,86.6984,50.1,,643333333
9/1/2020,North America,20447,21897,1014429,1910.613636,115.6409091,626,80.65,8.71,211454.5455,267.86,3.27,31.925,2350,5186.25,277.0778591,1.7903636,29.2077273,232389.8182,11870.68182,74184.09091,362.44,328.99,46.02,-0.049553,98.6999839,118.8,2652.392827,127.5857128,1269,438.221,0.044,2.44,87.079,77.1271,89.6473,96.7644,89.4103,90.025,71.382495,177.6518,83.184,49.1,,643333333
10/1/2020,North America,9517,13197,9147,1900.7,85.2380952,635,82.56,8.38,251736.25,271.54,2.94,18.4666667,2016.666667,5052.9,265.1636048,1.7390476,16.547619,229905.6,11789.4,93301.25,341.2,311.45,64.37,-0.176356,98.2599301,85.7,,96.81,934,382.734,0.147,1.92,64.7885,38.5635,76.3612,86.8804,76.6824,79.36,30.928905,171.7257,68.2127,41.5,,677166667
11/1/2020,North America,9517,13197,227946,1970.394737,84.25,504,94.56,8.28,259556.5789,280.34,3.03,29.4161905,2105,5235.81579,260.469245,1.748,28.5625,233430,12135.42105,101742.1053,335.9,310.23,96.1,-0.162662,98.4598341,85.9,2919.61445,96.81,1038,448.201,0.133,1.92,70.9722,47.2593,69.0101,87.7071,81.2978,82,60.868965,163.4527,57.5769,43.1,,677166667
12/1/2020,North America,9517,13197,1076136,2028.068182,107.3227273,1799,98.01,8.74,235343.1818,301.85,3.22,40.2668182,2150,5762.090909,265.40428,1.6318182,38.3072727,233070.8182,12715.86364,115768.1818,316.23,312.84,114.4,-0.114204,99.2688163,98.1,3104.660334,96.81,1265,476.881,0.111,1.92,,49.8747,69.0101,87.7071,81.2978,82,63.832475,,,52.6,,677166667
1/1/2021,North America,12017,12974,1229402,2169.83,119.6318182,1350,109.25,8.9,163021.59,322.78,2.98,43.2765217,2072.72,6359.7,270.39,1.7704545,40.7363636,234732,13362.48,138519.32,334.72,311.34,108.74,-0.078,,,,130.8,1492,467.641167,0.089,1.85,,51.7583,69.0101,87.7071,81.2978,82,64.524035,,,54.2,,1017580000
2/1/2021,North America,12017,12974,1378461,2496.5,109.48,1350,129.97,10.2,,,3.69,40.53,2487,6761.5,,1.83,38.28,,15198,,558.75,,116.51,-0.078,,,,130.8,1416,467.641167,0.089,1.85,,50.3415,69.0101,87.7071,81.2978,82,59.20775,,,56,,1017580000
3/1/2021,North America,12017,12974,1378461,2419.74,117.66,1300,119.86,9.59,,,356.6,42.58,2487,6641.04,,2.13,40.17,,14751.82,,546.33,,121.59,-0.078,,,,130.8,1454,467.641167,0.089,1.85,,51.0499,69.0101,87.7071,81.2978,82,59.06335,,,,,1017580000
4/1/2021,North America,11446,11646,1253749,2476.77,114.56,1175,121.53,10.25,,,3.71,40.87,2491,6797.09,,3.1,38.24,,15266.68,,556.35,,115.34,-0.068,,,,124.3,1350,466.3716942,0.08,2.05,,73.60916,90.82,92.31,85.58,87.45,56.131475,,,,,825360000
5/1/2021,North America,11446,11646,1253749,2476.77,114.56,1175,121.53,10.25,,,3.71,40.87,2491,6797.09,,3.1,38.24,,15266.68,,556.35,,115.34,-0.068,,,,124.3,1350,466.3716942,0.08,2.05,,73.60916,90.82,92.31,85.58,87.45,56.131475,,,,,825360000
6/1/2021,North America,11446,11646,1253749,2476.77,114.56,1175,121.53,10.25,,,3.71,40.87,2491,6797.09,,3.1,38.24,,15266.68,,556.35,,115.34,-0.068,,,,124.3,1350,466.3716942,0.08,2.05,,73.60916,90.82,92.31,85.58,87.45,56.131475,,,,,825360000
7/1/2021,North America,14052,11834,1313629,2493.93,118.91,1050,110.93,10.21,,,3.8,42.4,2551,6787.92,,3.04,39.57,,15321.66,,564.12,,122.47,-0.028,,,,132.4,1365,484.5735404,0.075,2.4,,70.56182,91.86,100.03,85.63,40.15,55.929365,,,,,736616667
8/1/2021,North America,14052,11834,1313629,2493.93,118.91,1050,110.93,10.21,,,3.8,42.4,2551,6787.92,,3.04,39.57,,15321.66,,564.12,,122.47,-0.028,,,,132.4,1365,484.5735404,0.075,2.4,,70.56182,91.86,100.03,85.63,40.15,55.929365,,,,,736616667
9/1/2021,North America,14052,11834,1313629,2493.93,118.91,1050,110.93,10.21,,,3.8,42.4,2551,6787.92,,3.04,39.57,,15321.66,,564.12,,122.47,-0.028,,,,132.4,1365,484.5735404,0.075,2.4,,70.56182,91.86,100.03,85.63,40.15,55.929365,,,,,736616667
10/1/2021,North America,16929,15360,1318907,2506.65,121.98,1025,103.27,10.18,,,3.87,43.56,2596,6781.03,,2.79,40.65,,15374.17,,567.62,,133.63,0.121,,,,130.4,1365,437.8859694,0.071,2.1,,72.6171,85.43,99.43,80.8,26.93,48.198785,,,,,717119500
11/1/2021,North America,16929,15360,1318907,2506.65,121.98,1025,103.27,10.18,,,3.87,43.56,2596,6781.03,,2.79,40.65,,15374.17,,567.62,,133.63,0.121,,,,130.4,1365,437.8859694,0.071,2.1,,72.6171,85.43,99.43,80.8,26.93,48.198785,,,,,717119500
12/1/2021,North America,16929,15360,1318907,2506.65,121.98,1025,103.27,10.18,,,3.87,43.56,2596,6781.03,,2.79,40.65,,15374.17,,567.62,,133.63,0.121,,,,130.4,1365,437.8859694,0.071,2.1,,72.6171,85.43,99.43,80.8,26.93,48.198785,,,,,717119500
